sumlevel,program,program_label,sub_program,Name,code,Subsidized units available,pct_occupied,number_reported,pct_reported,months_since_report,pct_movein,people_per_unit,people_total,rent_per_month,spending_per_month,hh_income,person_income,pct_lt5k,pct_5k_lt10k,pct_10k_lt15k,pct_15k_lt20k,pct_ge20k,pct_wage_maj,pct_welf_maj,pct_other_maj,pct_median,pct_lt50_median,pct_lt30_median,pct_2adults,pct_1adult,pct_female_head,pct_female_head_child,pct_disabled_lt62,pct_disabled_ge62,pct_disabled_all,pct_lt24_head,pct_age25_50,pct_age51_61,pct_age62plus,pct_age85plus,% Minority,pct_black,pct_native_american,pct_asian,pct_hispanic,months_waiting,months_from_movein,pct_utility_allow,ave_util_allow,pct_bed1,pct_bed2,pct_bed3,pct_overhoused,tminority,tpoverty,tpct_ownsfd,fedhse,msa,placefips,latitude,longitude,state,pha_total_units,ha_size,%White Non-Hispanic
9,3,VO,-1,Appling County,13001,-1,-1,11,-1,6,36,2.3,25,182,301,8.3,3.7,9,73,18,0,0,36,0,64,14,64,55,9,27,100,36,14,50,12,0,36,27,36,0,82,82,0,0,0,15,84,100,146,0,73,27,64,30,20,45,-1,-1,-1,-1,-1,GA,-1,-1,18.0
9,3,VO,-1,Atkinson County,13003,-1,-1,0,-1,-4,-4,-4.0,0,-4,0,-4.0,0.0,-4,-4,-4,-4,-4,-4,-4,-4,-4,-4,-4,-4,-4,-4,-4,-4,-4,-4,-4,-4,-4,-4,-4,-4,-4,-4,-4,-4,-4,-4,-4,-4,-4,-4,-4,-4,0,0,0,-1,-1,-1,-1,-1,GA,-1,-1,
9,3,VO,-1,Bacon County,13005,-1,-1,5,-1,-4,-4,-4.0,0,-4,0,-4.0,0.0,-4,-4,-4,-4,-4,-4,-4,-4,-4,-4,-4,-4,-4,-4,-4,-4,-4,-4,-4,-4,-4,-4,-4,-4,-4,-4,-4,-4,-4,-4,-4,-4,-4,-4,-4,-4,0,0,0,-1,-1,-1,-1,-1,GA,-1,-1,
9,3,VO,-1,Baker County,13007,-1,-1,4,-1,-4,-4,-4.0,0,-4,0,-4.0,0.0,-4,-4,-4,-4,-4,-4,-4,-4,-4,-4,-4,-4,-4,-4,-4,-4,-4,-4,-4,-4,-4,-4,-4,-4,-4,-4,-4,-4,-4,-4,-4,-4,-4,-4,-4,-4,0,0,0,-1,-1,-1,-1,-1,GA,-1,-1,
9,3,VO,-1,Baldwin County,13009,-1,-1,117,-1,4,20,3.2,371,216,418,9.0,2.9,21,49,18,9,3,34,26,36,16,83,69,18,54,97,71,19,69,12,3,72,12,14,3,91,90,1,0,1,16,84,99,181,8,34,58,16,51,19,44,-1,-1,-1,-1,-1,GA,-1,-1,9.0
9,3,VO,-1,Banks County,13011,-1,-1,4,-1,-4,-4,-4.0,0,-4,0,-4.0,0.0,-4,-4,-4,-4,-4,-4,-4,-4,-4,-4,-4,-4,-4,-4,-4,-4,-4,-4,-4,-4,-4,-4,-4,-4,-4,-4,-4,-4,-4,-4,-4,-4,-4,-4,-4,-4,0,0,0,-1,-1,-1,-1,-1,GA,-1,-1,
9,3,VO,-1,Barrow County,13013,-1,-1,157,-1,5,26,2.6,412,301,628,11.6,4.5,13,46,15,15,11,34,8,55,19,99,85,18,36,90,54,33,61,19,2,56,13,29,3,52,50,0,1,1,53,92,100,167,7,32,61,32,22,11,54,-1,-1,-1,-1,-1,GA,-1,-1,48.0
9,3,VO,-1,Bartow County,13015,-1,-1,73,-1,6,16,2.8,201,304,571,11.7,4.2,16,30,27,12,14,37,11,51,19,99,88,12,47,88,56,24,47,13,1,63,10,26,1,64,64,0,0,0,50,54,100,143,18,30,52,23,18,7,57,-1,-1,-1,-1,-1,GA,-1,-1,36.0
9,3,VO,-1,Ben Hill County,13017,-1,-1,57,-1,5,30,2.5,141,218,324,9.2,3.7,25,39,26,7,4,35,19,44,22,91,77,9,68,95,75,22,71,14,7,70,11,12,2,86,84,0,0,2,9,48,100,154,9,44,47,18,45,24,47,-1,-1,-1,-1,-1,GA,-1,-1,14.0
9,3,VO,-1,Berrien County,13019,-1,-1,21,-1,5,14,2.9,61,273,315,10.7,3.7,14,38,24,24,0,62,19,19,25,90,62,10,67,100,76,11,0,5,0,81,10,10,10,86,86,0,0,0,12,59,100,177,5,24,71,19,15,18,43,-1,-1,-1,-1,-1,GA,-1,-1,14.0
9,3,VO,-1,Bibb County,13021,-1,-1,2281,-1,5,20,2.8,6457,270,419,10.3,3.6,25,36,20,13,6,39,1,50,20,99,80,12,54,93,65,26,84,14,4,73,14,9,0,97,95,0,0,2,14,59,99,163,14,29,57,20,69,27,48,-1,-1,-1,-1,-1,GA,-1,-1,3.0
9,3,VO,-1,Bleckley County,13023,-1,-1,60,-1,5,10,3.1,184,232,343,10.1,3.3,17,47,27,3,7,40,15,42,19,82,73,20,48,97,68,20,71,12,7,62,8,23,0,73,73,0,0,0,35,72,100,175,7,28,65,17,37,16,47,-1,-1,-1,-1,-1,GA,-1,-1,27.0
9,3,VO,-1,Brantley County,13025,-1,-1,9,-1,-4,-4,-4.0,0,-4,0,-4.0,0.0,-4,-4,-4,-4,-4,-4,-4,-4,-4,-4,-4,-4,-4,-4,-4,-4,-4,-4,-4,-4,-4,-4,-4,-4,-4,-4,-4,-4,-4,-4,-4,-4,-4,-4,-4,-4,0,0,0,-1,-1,-1,-1,-1,GA,-1,-1,
9,3,VO,-1,Brooks County,13027,-1,-1,23,-1,7,9,2.7,63,211,328,9.6,3.5,17,39,30,9,4,43,17,39,19,83,61,9,65,96,74,19,100,14,9,74,9,9,0,96,96,0,0,0,27,64,100,151,9,43,48,13,52,26,43,-1,-1,-1,-1,-1,GA,-1,-1,4.0
9,3,VO,-1,Bryan County,13029,-1,-1,12,-1,4,17,1.8,22,262,344,11.0,6.0,0,42,42,17,0,25,0,75,25,100,75,8,25,100,33,33,50,27,8,25,17,50,0,33,33,0,0,0,-2,64,100,150,17,67,17,50,15,10,47,-1,-1,-1,-1,-1,GA,-1,-1,67.0
9,3,VO,-1,Bulloch County,13031,-1,-1,132,-1,6,26,3.2,425,232,392,9.8,3.1,24,42,17,12,5,43,20,31,18,86,69,19,64,98,82,15,100,8,8,76,11,5,1,92,89,0,0,4,14,55,99,157,5,36,59,10,32,21,44,-1,-1,-1,-1,-1,GA,-1,-1,8.0
9,3,VO,-1,Burke County,13033,-1,-1,47,-1,5,30,3.3,155,194,358,9.0,2.7,30,38,13,15,4,38,23,34,16,91,81,19,68,98,87,12,67,9,9,72,6,13,2,96,91,0,0,4,14,54,100,162,4,38,57,11,59,34,48,-1,-1,-1,-1,-1,GA,-1,-1,4.0
9,3,VO,-1,Butts County,13035,-1,-1,22,-1,6,36,3.0,66,303,395,10.9,3.6,14,36,23,23,5,50,14,36,20,86,68,18,59,100,77,16,100,9,0,68,18,14,5,86,86,0,0,0,25,53,100,165,9,27,64,9,37,12,60,-1,-1,-1,-1,-1,GA,-1,-1,14.0
9,3,VO,-1,Calhoun County,13037,-1,-1,3,-1,-4,-4,-4.0,0,-4,0,-4.0,0.0,-4,-4,-4,-4,-4,-4,-4,-4,-4,-4,-4,-4,-4,-4,-4,-4,-4,-4,-4,-4,-4,-4,-4,-4,-4,-4,-4,-4,-4,-4,-4,-4,-4,-4,-4,-4,0,0,0,-1,-1,-1,-1,-1,GA,-1,-1,
9,3,VO,-1,Camden County,13039,-1,-1,173,-1,6,8,2.9,507,292,419,11.3,3.9,20,33,21,15,12,40,16,41,19,80,60,18,52,94,69,25,83,13,8,71,11,10,1,77,71,0,0,6,35,54,100,149,9,31,61,20,25,9,53,-1,-1,-1,-1,-1,GA,-1,-1,23.0
9,3,VO,-1,Candler County,13043,-1,-1,3,-1,-4,-4,-4.0,0,-4,0,-4.0,0.0,-4,-4,-4,-4,-4,-4,-4,-4,-4,-4,-4,-4,-4,-4,-4,-4,-4,-4,-4,-4,-4,-4,-4,-4,-4,-4,-4,-4,-4,-4,-4,-4,-4,-4,-4,-4,0,0,0,-1,-1,-1,-1,-1,GA,-1,-1,
9,3,VO,-1,Carroll County,13045,-1,-1,510,-1,5,14,3.1,1559,321,657,12.6,4.2,16,31,24,12,17,50,11,35,19,98,82,20,54,96,73,20,56,9,4,74,12,11,1,91,90,0,0,1,31,68,99,167,4,25,71,23,26,15,52,-1,-1,-1,-1,-1,GA,-1,-1,9.0
9,3,VO,-1,Catoosa County,13047,-1,-1,48,-1,5,38,2.2,107,246,345,10.7,4.7,17,33,29,15,6,29,8,58,24,98,71,8,33,92,42,34,44,20,2,52,13,33,4,31,29,0,0,2,9,38,90,103,40,29,31,6,6,12,63,-1,-1,-1,-1,-1,GA,-1,-1,69.0
9,3,VO,-1,Charlton County,13049,-1,-1,3,-1,-4,-4,-4.0,0,-4,0,-4.0,0.0,-4,-4,-4,-4,-4,-4,-4,-4,-4,-4,-4,-4,-4,-4,-4,-4,-4,-4,-4,-4,-4,-4,-4,-4,-4,-4,-4,-4,-4,-4,-4,-4,-4,-4,-4,-4,0,0,0,-1,-1,-1,-1,-1,GA,-1,-1,
9,3,VO,-1,Chatham County,13051,-1,-1,1415,-1,5,17,2.9,4128,334,463,13.4,4.6,19,25,21,16,19,48,2,42,25,93,65,15,56,95,70,17,17,8,3,72,11,14,3,93,91,0,0,2,32,67,92,169,16,31,53,11,67,22,46,-1,-1,-1,-1,-1,GA,-1,-1,7.0
9,3,VO,-1,Chattahoochee County,13053,-1,-1,19,-1,6,0,1.8,35,207,268,8.3,4.5,37,26,16,16,5,63,11,26,21,100,63,11,32,79,42,18,100,14,5,74,11,11,0,68,68,0,0,0,-2,82,100,186,0,53,47,68,10,6,10,-1,-1,-1,-1,-1,GA,-1,-1,32.0
9,3,VO,-1,Chattooga County,13055,-1,-1,40,-1,7,33,1.6,63,225,178,9.6,6.1,8,48,38,5,3,5,10,85,23,80,55,3,15,88,15,59,39,32,3,20,20,58,5,23,20,0,0,3,4,49,100,93,35,55,10,33,9,13,57,-1,-1,-1,-1,-1,GA,-1,-1,77.0
9,3,VO,-1,Cherokee County,13057,-1,-1,150,-1,5,44,2.5,371,263,630,11.2,4.6,17,38,27,10,8,32,8,53,18,99,89,8,50,92,57,25,54,15,5,57,12,26,5,40,37,0,0,3,8,45,99,116,15,47,38,21,17,8,69,-1,-1,-1,-1,-1,GA,-1,-1,60.0
9,3,VO,-1,Clarke County,13059,-1,-1,353,-1,5,17,3.2,1117,285,513,11.7,3.7,14,33,27,18,9,42,13,42,23,98,74,18,52,93,69,26,89,16,3,73,14,10,0,93,92,1,0,1,54,86,100,170,5,41,54,7,56,25,37,-1,-1,-1,-1,-1,GA,-1,-1,7.0
9,3,VO,-1,Clay County,13061,-1,-1,4,-1,-4,-4,-4.0,0,-4,0,-4.0,0.0,-4,-4,-4,-4,-4,-4,-4,-4,-4,-4,-4,-4,-4,-4,-4,-4,-4,-4,-4,-4,-4,-4,-4,-4,-4,-4,-4,-4,-4,-4,-4,-4,-4,-4,-4,-4,0,0,0,-1,-1,-1,-1,-1,GA,-1,-1,
9,3,VO,-1,Clayton County,13063,-1,-1,1948,-1,5,17,3.0,5925,364,594,13.0,4.3,22,29,16,14,18,46,2,42,18,99,80,20,53,96,72,18,84,10,1,77,13,9,1,94,92,0,0,1,5,57,99,144,15,39,46,7,69,11,49,-1,-1,-1,-1,-1,GA,-1,-1,6.0
9,3,VO,-1,Clinch County,13065,-1,-1,7,-1,-4,-4,-4.0,0,-4,0,-4.0,0.0,-4,-4,-4,-4,-4,-4,-4,-4,-4,-4,-4,-4,-4,-4,-4,-4,-4,-4,-4,-4,-4,-4,-4,-4,-4,-4,-4,-4,-4,-4,-4,-4,-4,-4,-4,-4,0,0,0,-1,-1,-1,-1,-1,GA,-1,-1,
9,3,VO,-1,Cobb County,13067,-1,-1,2223,-1,6,12,2.9,6555,393,709,13.3,4.5,22,29,17,13,19,45,4,42,19,97,79,18,54,95,71,18,75,10,4,75,12,9,1,91,89,0,0,2,14,57,98,136,10,33,57,17,47,9,52,-1,-1,-1,-1,-1,GA,-1,-1,9.0
9,3,VO,-1,Coffee County,13069,-1,-1,52,-1,5,21,2.8,148,190,339,8.0,2.9,29,42,19,10,0,13,33,50,14,73,60,10,62,98,69,39,63,20,4,67,13,15,2,81,77,0,0,4,21,51,100,168,4,42,54,17,39,21,43,-1,-1,-1,-1,-1,GA,-1,-1,19.0
9,3,VO,-1,Colquitt County,13071,-1,-1,215,-1,5,17,2.9,624,242,310,10.1,3.5,21,34,26,15,4,39,16,42,20,79,54,12,60,98,72,16,53,13,7,68,8,16,2,91,89,0,0,1,13,66,100,154,8,33,59,18,42,23,43,-1,-1,-1,-1,-1,GA,-1,-1,9.0
9,3,VO,-1,Columbia County,13073,-1,-1,124,-1,5,18,2.6,319,320,413,12.6,5.0,14,27,30,15,15,46,11,40,27,90,60,10,60,94,69,24,67,14,2,74,9,15,0,71,69,0,0,2,63,60,100,150,7,58,35,13,18,6,67,-1,-1,-1,-1,-1,GA,-1,-1,29.0
9,3,VO,-1,Cook County,13075,-1,-1,34,-1,5,12,2.8,95,187,378,7.7,2.8,24,53,18,6,0,26,29,44,17,85,71,18,47,94,65,18,50,11,0,71,12,18,3,76,74,0,0,3,12,56,100,161,15,35,50,15,30,17,39,-1,-1,-1,-1,-1,GA,-1,-1,24.0
9,3,VO,-1,Coweta County,13077,-1,-1,477,-1,5,9,3.1,1496,352,717,12.5,4.0,19,27,23,14,17,47,12,37,19,99,83,23,48,96,71,19,65,10,2,73,15,10,0,94,93,0,0,1,53,78,100,189,2,23,75,24,35,12,60,-1,-1,-1,-1,-1,GA,-1,-1,6.0
9,3,VO,-1,Crawford County,13079,-1,-1,27,-1,6,11,2.5,67,186,329,8.4,3.4,26,56,15,0,4,33,11,48,15,78,74,19,33,96,52,32,60,18,0,48,33,19,4,100,100,0,0,0,4,54,100,159,11,48,41,33,26,10,28,-1,-1,-1,-1,-1,GA,-1,-1,0.0
9,3,VO,-1,Crisp County,13081,-1,-1,219,-1,5,11,2.9,646,230,326,9.5,3.2,25,38,22,10,5,43,20,34,20,84,67,12,62,97,74,17,40,9,8,68,10,14,1,96,96,0,0,0,10,83,100,162,7,42,51,17,49,30,45,-1,-1,-1,-1,-1,GA,-1,-1,4.0
9,3,VO,-1,Dade County,13083,-1,-1,24,-1,6,71,1.4,33,248,253,10.6,7.7,0,46,42,13,0,8,0,92,27,100,63,0,13,83,13,64,54,48,4,21,21,54,4,0,0,0,0,0,2,41,100,110,46,46,8,33,4,10,62,-1,-1,-1,-1,-1,GA,-1,-1,100.0
9,3,VO,-1,Dawson County,13085,-1,-1,2,-1,-4,-4,-4.0,0,-4,0,-4.0,0.0,-4,-4,-4,-4,-4,-4,-4,-4,-4,-4,-4,-4,-4,-4,-4,-4,-4,-4,-4,-4,-4,-4,-4,-4,-4,-4,-4,-4,-4,-4,-4,-4,-4,-4,-4,-4,0,0,0,-1,-1,-1,-1,-1,GA,-1,-1,
9,3,VO,-1,Decatur County,13087,-1,-1,28,-1,5,11,3.1,88,235,385,9.8,3.1,25,25,36,11,4,36,29,36,18,75,54,7,68,93,75,17,75,10,0,75,11,14,0,86,86,0,0,0,21,56,96,155,11,21,68,14,43,23,51,-1,-1,-1,-1,-1,GA,-1,-1,14.0
9,3,VO,-1,DeKalb County,13089,-1,-1,5623,-1,6,13,3.2,17866,342,777,12.5,3.9,24,30,18,12,17,41,3,47,18,98,83,22,52,94,71,17,57,9,2,78,11,9,1,99,98,0,0,1,40,61,97,164,9,28,64,19,87,11,59,-1,-1,-1,-1,-1,GA,-1,-1,1.0
9,3,VO,-1,Dodge County,13091,-1,-1,96,-1,5,17,2.7,263,235,291,10.3,3.7,17,46,22,8,7,29,16,51,21,83,69,15,41,91,53,31,68,20,6,59,11,23,1,59,55,0,0,4,11,76,100,167,4,44,52,28,30,17,47,-1,-1,-1,-1,-1,GA,-1,-1,41.0
9,3,VO,-1,Dooly County,13093,-1,-1,38,-1,4,16,3.0,113,216,285,9.6,3.2,29,37,13,13,8,45,29,24,21,87,68,8,71,95,79,6,100,8,8,74,8,11,3,100,100,0,0,0,14,71,100,165,3,34,63,26,51,20,46,-1,-1,-1,-1,-1,GA,-1,-1,0.0
9,3,VO,-1,Dougherty County,13095,-1,-1,1580,-1,6,14,3.0,4665,237,389,9.8,3.3,24,34,25,11,5,42,22,33,22,97,75,14,58,96,72,16,49,10,7,69,9,15,1,97,96,0,0,1,10,67,93,158,11,31,58,16,76,31,39,-1,-1,-1,-1,-1,GA,-1,-1,3.0
9,3,VO,-1,Douglas County,13097,-1,-1,473,-1,6,24,3.6,1714,403,743,12.7,3.5,24,26,18,12,19,45,16,35,18,98,84,32,49,95,78,15,64,8,2,78,11,10,1,86,85,0,0,1,38,51,97,189,3,18,78,17,30,10,68,-1,-1,-1,-1,-1,GA,-1,-1,14.0
9,3,VO,-1,Early County,13099,-1,-1,63,-1,5,8,3.1,196,292,346,10.3,3.3,16,46,24,10,5,41,30,27,21,83,63,30,46,97,73,23,67,12,5,78,8,10,0,97,97,0,0,0,15,67,100,177,0,16,84,19,53,27,42,-1,-1,-1,-1,-1,GA,-1,-1,3.0
9,3,VO,-1,Echols County,13101,-1,-1,0,-1,-4,-4,-4.0,0,-4,0,-4.0,0.0,-4,-4,-4,-4,-4,-4,-4,-4,-4,-4,-4,-4,-4,-4,-4,-4,-4,-4,-4,-4,-4,-4,-4,-4,-4,-4,-4,-4,-4,-4,-4,-4,-4,-4,-4,-4,0,0,0,-1,-1,-1,-1,-1,GA,-1,-1,
9,3,VO,-1,Effingham County,13103,-1,-1,118,-1,5,3,2.9,346,226,498,10.1,3.5,19,42,21,13,5,31,18,47,20,98,83,9,58,93,67,25,50,12,2,68,15,15,2,86,86,0,0,0,-2,83,100,160,8,31,60,24,18,9,52,-1,-1,-1,-1,-1,GA,-1,-1,14.0
9,3,VO,-1,Elbert County,13105,-1,-1,32,-1,5,13,2.3,73,218,317,8.4,3.7,38,34,19,6,3,31,22,44,17,88,69,13,44,91,56,32,50,21,6,66,16,13,6,84,84,0,0,0,47,119,97,154,16,47,38,22,29,15,44,-1,-1,-1,-1,-1,GA,-1,-1,16.0
9,3,VO,-1,Emanuel County,13107,-1,-1,78,-1,5,14,2.8,221,246,275,9.9,3.5,13,44,29,12,3,45,21,35,22,86,59,12,58,96,68,26,60,14,14,63,17,6,0,99,97,0,0,1,6,65,100,167,6,38,55,26,38,27,50,-1,-1,-1,-1,-1,GA,-1,-1,1.0
9,3,VO,-1,Evans County,13109,-1,-1,4,-1,-4,-4,-4.0,0,-4,0,-4.0,0.0,-4,-4,-4,-4,-4,-4,-4,-4,-4,-4,-4,-4,-4,-4,-4,-4,-4,-4,-4,-4,-4,-4,-4,-4,-4,-4,-4,-4,-4,-4,-4,-4,-4,-4,-4,-4,0,0,0,-1,-1,-1,-1,-1,GA,-1,-1,
9,3,VO,-1,Fannin County,13111,-1,-1,4,-1,-4,-4,-4.0,0,-4,0,-4.0,0.0,-4,-4,-4,-4,-4,-4,-4,-4,-4,-4,-4,-4,-4,-4,-4,-4,-4,-4,-4,-4,-4,-4,-4,-4,-4,-4,-4,-4,-4,-4,-4,-4,-4,-4,-4,-4,0,0,0,-1,-1,-1,-1,-1,GA,-1,-1,
9,3,VO,-1,Fayette County,13113,-1,-1,113,-1,6,15,3.2,356,438,668,13.4,4.3,11,33,24,15,18,40,12,46,20,98,80,28,43,96,70,24,57,13,1,74,6,19,0,87,85,1,0,1,62,61,100,181,7,22,71,19,19,3,75,-1,-1,-1,-1,-1,GA,-1,-1,13.0
9,3,VO,-1,Floyd County,13115,-1,-1,368,-1,6,18,2.1,771,256,339,9.9,4.8,8,57,20,12,3,19,2,76,20,83,66,10,32,81,40,69,79,35,3,58,18,20,1,55,53,0,0,2,12,47,87,120,26,38,36,29,35,22,46,-1,-1,-1,-1,-1,GA,-1,-1,45.0
9,3,VO,-1,Forsyth County,13117,-1,-1,86,-1,6,19,1.6,137,286,519,11.7,7.5,6,52,13,20,9,21,1,77,22,99,74,6,9,84,15,59,45,33,1,30,14,55,16,8,1,0,0,7,12,78,100,99,37,48,15,30,14,12,60,-1,-1,-1,-1,-1,GA,-1,-1,92.0
9,3,VO,-1,Franklin County,13119,-1,-1,17,-1,7,6,1.9,33,235,326,9.0,4.7,0,71,24,6,0,24,6,71,14,65,59,6,12,94,18,75,67,39,0,35,12,53,6,24,24,0,0,0,61,164,100,155,24,59,18,6,12,16,48,-1,-1,-1,-1,-1,GA,-1,-1,76.0
9,3,VO,-1,Fulton County,13121,-1,-1,2422,-1,5,17,3.2,7819,338,733,13.3,4.1,24,25,19,14,19,48,5,36,18,98,80,22,54,95,74,16,51,7,3,79,13,6,0,97,96,0,0,1,17,41,96,167,6,35,59,16,78,13,44,-1,-1,-1,-1,-1,GA,-1,-1,3.0
9,3,VO,-1,Gilmer County,13123,-1,-1,8,-1,-4,-4,-4.0,0,-4,0,-4.0,0.0,-4,-4,-4,-4,-4,-4,-4,-4,-4,-4,-4,-4,-4,-4,-4,-4,-4,-4,-4,-4,-4,-4,-4,-4,-4,-4,-4,-4,-4,-4,-4,-4,-4,-4,-4,-4,0,0,0,-1,-1,-1,-1,-1,GA,-1,-1,
9,3,VO,-1,Glascock County,13125,-1,-1,7,-1,-4,-4,-4.0,0,-4,0,-4.0,0.0,-4,-4,-4,-4,-4,-4,-4,-4,-4,-4,-4,-4,-4,-4,-4,-4,-4,-4,-4,-4,-4,-4,-4,-4,-4,-4,-4,-4,-4,-4,-4,-4,-4,-4,-4,-4,0,0,0,-1,-1,-1,-1,-1,GA,-1,-1,
9,3,VO,-1,Glynn County,13127,-1,-1,637,-1,4,23,2.7,1725,294,387,11.2,4.2,19,34,25,12,10,41,1,52,20,89,71,11,57,90,66,27,92,14,8,64,16,12,0,79,78,0,0,1,7,56,91,137,10,28,62,28,51,21,42,-1,-1,-1,-1,-1,GA,-1,-1,21.0
9,3,VO,-1,Gordon County,13129,-1,-1,31,-1,6,68,1.4,42,253,199,12.3,9.0,3,19,61,16,0,3,0,94,29,90,32,3,3,84,6,80,5,26,0,13,19,68,6,10,10,0,0,0,2,33,100,111,42,55,3,35,20,14,51,-1,-1,-1,-1,-1,GA,-1,-1,90.0
9,3,VO,-1,Grady County,13131,-1,-1,53,-1,3,28,2.3,123,225,300,9.7,4.3,9,53,23,13,2,30,17,51,23,92,66,15,38,94,53,32,73,21,8,45,19,28,2,83,79,4,0,0,13,42,100,137,25,40,36,26,37,25,46,-1,-1,-1,-1,-1,GA,-1,-1,17.0
9,3,VO,-1,Greene County,13133,-1,-1,16,-1,6,13,3.3,52,210,372,9.4,2.9,38,19,19,19,6,31,44,25,21,81,56,6,69,100,75,7,100,8,6,75,6,13,0,88,88,0,0,0,55,101,100,182,0,44,56,0,42,20,49,-1,-1,-1,-1,-1,GA,-1,-1,12.0
9,3,VO,-1,Gwinnett County,13135,-1,-1,1250,-1,5,22,3.5,4349,385,739,13.3,3.8,24,25,20,12,19,43,15,32,18,98,82,25,56,95,79,15,58,8,2,81,10,7,1,89,84,0,1,4,49,44,98,174,5,29,66,10,34,6,65,-1,-1,-1,-1,-1,GA,-1,-1,11.0
9,3,VO,-1,Habersham County,13137,-1,-1,10,-1,-4,-4,-4.0,0,-4,0,-4.0,0.0,-4,-4,-4,-4,-4,-4,-4,-4,-4,-4,-4,-4,-4,-4,-4,-4,-4,-4,-4,-4,-4,-4,-4,-4,-4,-4,-4,-4,-4,-4,-4,-4,-4,-4,-4,-4,0,0,0,-1,-1,-1,-1,-1,GA,-1,-1,
9,3,VO,-1,Hall County,13139,-1,-1,154,-1,5,17,2.1,318,240,473,10.7,5.2,8,56,18,7,11,26,6,65,19,86,73,6,27,86,32,46,61,28,1,41,21,36,5,34,31,1,0,3,40,95,99,124,31,40,29,18,39,15,47,-1,-1,-1,-1,-1,GA,-1,-1,66.0
9,3,VO,-1,Hancock County,13141,-1,-1,81,-1,6,5,3.3,271,228,357,8.9,2.7,33,28,25,11,2,27,31,35,16,83,65,25,52,94,74,22,78,12,6,59,23,11,0,99,99,0,0,0,25,119,100,193,1,31,68,20,68,24,44,-1,-1,-1,-1,-1,GA,-1,-1,1.0
9,3,VO,-1,Haralson County,13143,-1,-1,29,-1,4,38,2.2,63,259,312,11.0,5.0,10,34,38,14,3,38,10,48,26,93,48,7,45,97,52,19,38,14,0,52,21,28,7,59,59,0,0,0,14,51,100,128,21,48,31,21,9,15,54,-1,-1,-1,-1,-1,GA,-1,-1,41.0
9,3,VO,-1,Harris County,13145,-1,-1,12,-1,6,25,3.2,38,229,394,9.1,2.9,33,25,17,17,8,25,33,42,22,100,67,17,58,92,75,36,0,16,17,58,17,8,0,75,75,0,0,0,16,29,100,156,17,33,50,0,26,9,60,-1,-1,-1,-1,-1,GA,-1,-1,25.0
9,3,VO,-1,Hart County,13147,-1,-1,19,-1,7,21,2.0,38,244,271,9.4,4.7,16,47,21,11,5,26,11,63,21,79,63,5,42,84,42,47,50,29,5,58,16,21,5,68,63,0,5,0,188,80,100,156,26,47,26,16,28,14,61,-1,-1,-1,-1,-1,GA,-1,-1,32.0
9,3,VO,-1,Heard County,13149,-1,-1,8,-1,-4,-4,-4.0,0,-4,0,-4.0,0.0,-4,-4,-4,-4,-4,-4,-4,-4,-4,-4,-4,-4,-4,-4,-4,-4,-4,-4,-4,-4,-4,-4,-4,-4,-4,-4,-4,-4,-4,-4,-4,-4,-4,-4,-4,-4,0,0,0,-1,-1,-1,-1,-1,GA,-1,-1,
9,3,VO,-1,Henry County,13151,-1,-1,446,-1,6,20,3.7,1670,437,758,13.5,3.6,21,24,20,14,20,49,17,26,18,99,82,26,62,96,86,16,76,7,3,86,7,4,0,93,91,0,0,2,60,41,98,194,3,16,82,10,26,8,72,-1,-1,-1,-1,-1,GA,-1,-1,7.0
9,3,VO,-1,Houston County,13153,-1,-1,1011,-1,5,20,2.9,2960,286,448,10.8,3.7,20,36,22,13,9,42,17,37,20,98,81,16,57,94,73,21,57,12,7,73,10,10,1,88,86,0,0,2,11,66,100,163,10,38,52,13,40,16,51,-1,-1,-1,-1,-1,GA,-1,-1,12.0
9,3,VO,-1,Irwin County,13155,-1,-1,7,-1,-4,-4,-4.0,0,-4,0,-4.0,0.0,-4,-4,-4,-4,-4,-4,-4,-4,-4,-4,-4,-4,-4,-4,-4,-4,-4,-4,-4,-4,-4,-4,-4,-4,-4,-4,-4,-4,-4,-4,-4,-4,-4,-4,-4,-4,0,0,0,-1,-1,-1,-1,-1,GA,-1,-1,
9,3,VO,-1,Jackson County,13157,-1,-1,15,-1,5,0,1.4,21,230,321,9.7,6.9,7,60,13,20,0,0,0,100,14,67,53,0,0,87,0,100,55,57,0,7,20,73,13,7,7,0,0,0,-2,116,100,152,20,80,0,40,9,11,56,-1,-1,-1,-1,-1,GA,-1,-1,93.0
9,3,VO,-1,Jasper County,13159,-1,-1,21,-1,5,19,3.1,66,182,428,8.6,2.7,24,48,14,14,0,24,29,43,13,100,100,29,52,95,76,20,100,11,0,81,14,5,0,95,95,0,0,0,11,71,100,197,0,38,62,14,37,14,63,-1,-1,-1,-1,-1,GA,-1,-1,5.0
9,3,VO,-1,Jeff Davis County,13161,-1,-1,22,-1,4,64,1.9,42,195,237,8.4,4.4,14,59,18,9,0,14,14,73,22,95,82,9,45,100,55,40,57,26,14,36,18,32,0,55,55,0,0,0,5,33,100,143,27,55,18,14,29,26,49,-1,-1,-1,-1,-1,GA,-1,-1,45.0
9,3,VO,-1,Jefferson County,13163,-1,-1,21,-1,7,43,2.8,58,236,276,9.8,3.6,14,48,19,14,5,43,24,33,19,71,57,14,43,90,57,38,40,16,5,57,14,24,5,95,95,0,0,0,5,88,100,181,5,48,48,33,48,19,41,-1,-1,-1,-1,-1,GA,-1,-1,5.0
9,3,VO,-1,Jenkins County,13165,-1,-1,13,-1,5,0,3.6,47,211,376,8.3,2.3,23,38,38,0,0,31,38,31,20,100,92,8,69,85,69,8,0,6,0,77,15,8,0,69,69,0,0,0,-2,58,100,182,8,8,85,38,41,26,40,-1,-1,-1,-1,-1,GA,-1,-1,31.0
9,3,VO,-1,Johnson County,13167,-1,-1,11,-1,8,9,1.7,19,186,300,7.4,4.3,18,64,18,0,0,27,9,64,14,64,45,0,36,100,36,60,100,42,0,27,64,9,0,91,91,0,0,0,12,96,100,160,9,73,18,45,52,26,46,-1,-1,-1,-1,-1,GA,-1,-1,9.0
9,3,VO,-1,Jones County,13169,-1,-1,19,-1,7,16,2.8,53,284,442,10.1,3.6,16,47,26,0,11,16,11,74,22,95,84,26,32,100,58,40,75,25,0,58,21,21,5,74,74,0,0,0,5,87,100,160,11,37,53,26,25,9,52,-1,-1,-1,-1,-1,GA,-1,-1,26.0
9,3,VO,-1,Lamar County,13171,-1,-1,12,-1,8,0,2.9,35,267,331,9.9,3.4,17,42,17,25,0,42,17,42,16,75,58,42,42,100,83,27,100,11,0,75,17,8,0,100,100,0,0,0,37,115,100,199,0,50,50,8,39,12,55,-1,-1,-1,-1,-1,GA,-1,-1,0.0
9,3,VO,-1,Lanier County,13173,-1,-1,10,-1,-4,-4,-4.0,0,-4,0,-4.0,0.0,-4,-4,-4,-4,-4,-4,-4,-4,-4,-4,-4,-4,-4,-4,-4,-4,-4,-4,-4,-4,-4,-4,-4,-4,-4,-4,-4,-4,-4,-4,-4,-4,-4,-4,-4,-4,0,0,0,-1,-1,-1,-1,-1,GA,-1,-1,
9,3,VO,-1,Laurens County,13175,-1,-1,265,-1,5,15,2.9,778,214,368,9.2,3.1,22,42,25,9,2,37,18,42,18,84,68,17,56,94,71,22,64,13,6,67,11,16,1,87,86,0,0,1,10,69,100,164,7,42,51,13,45,23,46,-1,-1,-1,-1,-1,GA,-1,-1,13.0
9,3,VO,-1,Lee County,13177,-1,-1,52,-1,5,23,3.4,175,293,358,12.3,3.7,17,33,21,8,21,56,12,33,27,94,63,13,63,96,73,9,88,10,12,67,6,15,2,77,73,0,0,4,13,49,100,155,12,27,62,10,18,8,58,-1,-1,-1,-1,-1,GA,-1,-1,23.0
9,3,VO,-1,Liberty County,13179,-1,-1,133,-1,6,15,3.1,406,255,432,10.1,3.3,23,37,25,7,8,38,20,37,22,90,69,22,55,98,76,19,60,10,2,70,13,15,2,92,86,0,0,6,12,52,99,152,9,25,66,18,58,15,44,-1,-1,-1,-1,-1,GA,-1,-1,8.0
9,3,VO,-1,Lincoln County,13181,-1,-1,5,-1,-4,-4,-4.0,0,-4,0,-4.0,0.0,-4,-4,-4,-4,-4,-4,-4,-4,-4,-4,-4,-4,-4,-4,-4,-4,-4,-4,-4,-4,-4,-4,-4,-4,-4,-4,-4,-4,-4,-4,-4,-4,-4,-4,-4,-4,0,0,0,-1,-1,-1,-1,-1,GA,-1,-1,
9,3,VO,-1,Long County,13183,-1,-1,6,-1,-4,-4,-4.0,0,-4,0,-4.0,0.0,-4,-4,-4,-4,-4,-4,-4,-4,-4,-4,-4,-4,-4,-4,-4,-4,-4,-4,-4,-4,-4,-4,-4,-4,-4,-4,-4,-4,-4,-4,-4,-4,-4,-4,-4,-4,0,0,0,-1,-1,-1,-1,-1,GA,-1,-1,
9,3,VO,-1,Lowndes County,13185,-1,-1,648,-1,5,27,3.3,2110,272,402,11.5,3.5,19,31,24,16,10,46,16,32,21,81,59,18,61,98,79,13,57,8,6,73,9,12,1,94,92,0,0,1,10,57,100,164,8,29,63,9,62,28,36,-1,-1,-1,-1,-1,GA,-1,-1,6.0
9,3,VO,-1,Lumpkin County,13187,-1,-1,5,-1,-4,-4,-4.0,0,-4,0,-4.0,0.0,-4,-4,-4,-4,-4,-4,-4,-4,-4,-4,-4,-4,-4,-4,-4,-4,-4,-4,-4,-4,-4,-4,-4,-4,-4,-4,-4,-4,-4,-4,-4,-4,-4,-4,-4,-4,0,0,0,-1,-1,-1,-1,-1,GA,-1,-1,
9,3,VO,-1,McDuffie County,13189,-1,-1,216,-1,5,12,3.0,646,247,425,10.6,3.6,20,34,23,16,6,44,17,38,22,99,77,21,52,93,72,22,58,12,5,71,9,15,1,98,97,0,0,0,15,97,100,179,1,38,62,26,51,20,48,-1,-1,-1,-1,-1,GA,-1,-1,2.0
9,3,VO,-1,McIntosh County,13191,-1,-1,22,-1,7,55,3.0,67,207,390,9.2,3.1,32,32,27,5,5,41,27,27,15,91,82,27,55,95,82,24,0,10,23,55,18,5,0,91,91,0,0,0,20,27,100,141,14,27,59,9,34,15,30,-1,-1,-1,-1,-1,GA,-1,-1,9.0
9,3,VO,-1,Macon County,13193,-1,-1,36,-1,5,17,2.5,89,215,285,9.3,3.8,14,61,14,8,3,25,14,58,21,92,69,14,53,97,67,48,86,25,0,61,19,19,3,97,97,0,0,0,17,73,100,154,19,28,53,11,51,21,42,-1,-1,-1,-1,-1,GA,-1,-1,3.0
9,3,VO,-1,Madison County,13195,-1,-1,35,-1,6,14,2.7,95,260,480,11.1,4.1,6,43,37,9,6,29,3,69,24,97,71,11,37,89,46,42,56,22,0,57,17,26,3,43,43,0,0,0,57,92,100,168,17,26,57,17,14,12,49,-1,-1,-1,-1,-1,GA,-1,-1,57.0
9,3,VO,-1,Marion County,13197,-1,-1,12,-1,5,25,2.7,32,143,339,6.0,2.4,50,33,17,0,0,25,17,50,11,92,92,8,50,83,58,20,100,13,17,50,17,17,0,100,100,0,0,0,18,85,100,140,25,25,50,25,58,22,35,-1,-1,-1,-1,-1,GA,-1,-1,0.0
9,3,VO,-1,Meriwether County,13199,-1,-1,28,-1,5,7,2.5,69,242,310,9.9,4.0,18,50,21,7,4,36,11,50,20,82,61,11,32,93,43,25,63,19,0,61,11,29,0,71,71,0,0,0,13,97,100,168,14,57,29,18,34,17,53,-1,-1,-1,-1,-1,GA,-1,-1,29.0
9,3,VO,-1,Miller County,13201,-1,-1,7,-1,-4,-4,-4.0,0,-4,0,-4.0,0.0,-4,-4,-4,-4,-4,-4,-4,-4,-4,-4,-4,-4,-4,-4,-4,-4,-4,-4,-4,-4,-4,-4,-4,-4,-4,-4,-4,-4,-4,-4,-4,-4,-4,-4,-4,-4,0,0,0,-1,-1,-1,-1,-1,GA,-1,-1,
9,3,VO,-1,Mitchell County,13205,-1,-1,150,-1,5,29,2.7,411,245,333,9.4,3.4,23,40,23,11,3,42,21,36,19,79,61,10,63,93,72,22,83,13,10,71,11,8,1,97,97,0,0,0,17,42,100,152,7,26,67,25,53,26,47,-1,-1,-1,-1,-1,GA,-1,-1,3.0
9,3,VO,-1,Monroe County,13207,-1,-1,13,-1,4,31,2.6,34,244,396,9.3,3.5,15,54,15,15,0,62,0,38,19,92,85,31,31,92,62,20,67,12,0,69,8,23,8,85,77,0,0,8,-2,64,100,170,23,31,46,15,44,13,52,-1,-1,-1,-1,-1,GA,-1,-1,15.0
9,3,VO,-1,Montgomery County,13209,-1,-1,11,-1,4,18,2.4,26,228,242,10.4,4.4,9,36,45,0,9,27,27,45,21,73,55,0,82,100,82,45,0,27,9,64,27,0,0,82,82,0,0,0,-2,41,100,129,9,82,9,0,33,17,37,-1,-1,-1,-1,-1,GA,-1,-1,18.0
9,3,VO,-1,Morgan County,13211,-1,-1,17,-1,5,24,2.6,44,171,373,7.2,2.8,24,71,6,0,0,24,35,41,15,88,88,24,35,100,59,15,75,11,12,47,18,24,6,82,82,0,0,0,52,96,100,123,24,41,35,6,40,11,55,-1,-1,-1,-1,-1,GA,-1,-1,18.0
9,3,VO,-1,Murray County,13213,-1,-1,27,-1,7,4,1.3,34,213,212,9.8,7.8,0,59,37,4,0,0,0,100,21,74,48,4,4,89,4,80,32,35,4,4,11,81,7,4,4,0,0,0,-2,49,100,94,52,37,11,37,10,18,48,-1,-1,-1,-1,-1,GA,-1,-1,96.0
9,3,VO,-1,Muscogee County,13215,-1,-1,1953,-1,5,23,2.8,5490,241,408,9.8,3.5,26,37,19,12,6,38,4,52,22,96,74,10,59,95,69,17,66,11,8,70,12,11,1,96,95,0,0,1,17,53,100,134,9,41,50,20,78,29,42,-1,-1,-1,-1,-1,GA,-1,-1,4.0
9,3,VO,-1,Newton County,13217,-1,-1,451,-1,5,20,3.5,1580,342,740,12.5,3.6,20,30,20,14,16,38,18,37,18,99,85,28,50,95,76,24,81,13,4,78,9,8,0,93,92,0,0,1,58,68,99,181,2,19,79,19,32,11,66,-1,-1,-1,-1,-1,GA,-1,-1,7.0
9,3,VO,-1,Oconee County,13219,-1,-1,17,-1,6,18,3.1,53,201,588,10.4,3.3,18,47,24,0,12,29,12,47,19,100,88,18,53,100,71,23,75,13,0,71,6,24,0,71,71,0,0,0,38,88,100,164,0,41,59,0,17,9,70,-1,-1,-1,-1,-1,GA,-1,-1,29.0
9,3,VO,-1,Oglethorpe County,13221,-1,-1,12,-1,7,17,2.9,35,242,346,11.2,3.8,0,50,33,17,0,33,0,67,17,67,50,0,50,100,50,33,33,20,0,58,17,25,0,67,67,0,0,0,56,104,100,135,17,58,25,17,16,12,54,-1,-1,-1,-1,-1,GA,-1,-1,33.0
9,3,VO,-1,Paulding County,13223,-1,-1,114,-1,5,21,2.9,334,393,626,13.3,4.6,11,35,23,11,19,32,10,57,21,96,81,30,35,89,60,32,59,16,2,57,16,25,1,62,58,0,0,4,35,54,96,141,4,39,58,29,11,6,73,-1,-1,-1,-1,-1,GA,-1,-1,38.0
9,3,VO,-1,Peach County,13225,-1,-1,146,-1,5,12,2.8,413,268,410,9.8,3.5,23,40,21,10,6,32,19,45,19,97,84,23,43,97,66,31,91,18,3,66,16,15,0,100,99,0,0,1,21,84,100,183,4,40,56,25,73,30,47,-1,-1,-1,-1,-1,GA,-1,-1,0.0
9,3,VO,-1,Pickens County,13227,-1,-1,10,-1,-4,-4,-4.0,0,-4,0,-4.0,0.0,-4,-4,-4,-4,-4,-4,-4,-4,-4,-4,-4,-4,-4,-4,-4,-4,-4,-4,-4,-4,-4,-4,-4,-4,-4,-4,-4,-4,-4,-4,-4,-4,-4,-4,-4,-4,0,0,0,-1,-1,-1,-1,-1,GA,-1,-1,
9,3,VO,-1,Pierce County,13229,-1,-1,21,-1,7,19,2.5,52,191,308,8.4,3.4,29,48,14,5,5,10,33,52,17,62,52,5,52,81,52,29,43,15,5,52,10,33,0,43,43,0,0,0,-2,66,100,145,33,14,52,10,18,19,49,-1,-1,-1,-1,-1,GA,-1,-1,57.0
9,3,VO,-1,Pike County,13231,-1,-1,7,-1,-4,-4,-4.0,0,-4,0,-4.0,0.0,-4,-4,-4,-4,-4,-4,-4,-4,-4,-4,-4,-4,-4,-4,-4,-4,-4,-4,-4,-4,-4,-4,-4,-4,-4,-4,-4,-4,-4,-4,-4,-4,-4,-4,-4,-4,0,0,0,-1,-1,-1,-1,-1,GA,-1,-1,
9,3,VO,-1,Polk County,13233,-1,-1,96,-1,5,27,1.5,143,249,259,10.0,6.7,2,51,40,7,0,7,1,91,27,91,54,3,14,83,17,84,84,61,1,29,30,40,2,34,34,0,0,0,17,55,100,124,39,49,13,36,21,15,60,-1,-1,-1,-1,-1,GA,-1,-1,66.0
9,3,VO,-1,Pulaski County,13235,-1,-1,33,-1,6,9,2.7,88,218,342,8.4,3.2,18,55,18,9,0,30,18,52,16,79,61,21,52,97,73,26,30,10,9,52,9,30,3,88,88,0,0,0,21,59,100,152,12,48,39,15,37,18,58,-1,-1,-1,-1,-1,GA,-1,-1,12.0
9,3,VO,-1,Putnam County,13237,-1,-1,27,-1,5,7,3.4,92,261,333,10.8,3.2,15,30,33,19,4,48,19,33,21,93,70,37,44,96,81,16,50,7,11,63,19,7,0,93,93,0,0,0,-2,91,96,192,4,30,67,11,51,20,38,-1,-1,-1,-1,-1,GA,-1,-1,7.0
9,3,VO,-1,Quitman County,13239,-1,-1,5,-1,-4,-4,-4.0,0,-4,0,-4.0,0.0,-4,-4,-4,-4,-4,-4,-4,-4,-4,-4,-4,-4,-4,-4,-4,-4,-4,-4,-4,-4,-4,-4,-4,-4,-4,-4,-4,-4,-4,-4,-4,-4,-4,-4,-4,-4,0,0,0,-1,-1,-1,-1,-1,GA,-1,-1,
9,3,VO,-1,Rabun County,13241,-1,-1,3,-1,-4,-4,-4.0,0,-4,0,-4.0,0.0,-4,-4,-4,-4,-4,-4,-4,-4,-4,-4,-4,-4,-4,-4,-4,-4,-4,-4,-4,-4,-4,-4,-4,-4,-4,-4,-4,-4,-4,-4,-4,-4,-4,-4,-4,-4,0,0,0,-1,-1,-1,-1,-1,GA,-1,-1,
9,3,VO,-1,Randolph County,13243,-1,-1,20,-1,5,75,3.6,72,129,354,6.7,1.7,65,15,10,5,5,15,45,15,8,90,85,5,90,95,90,10,0,4,20,75,5,0,0,75,70,5,0,0,2,10,100,150,0,55,45,5,64,29,49,-1,-1,-1,-1,-1,GA,-1,-1,25.0
9,3,VO,-1,Richmond County,13245,-1,-1,3041,-1,8,22,3.2,9589,254,459,9.9,3.1,29,31,21,12,7,42,3,49,19,98,79,16,65,96,79,15,84,9,8,76,10,6,0,94,93,0,0,1,27,60,98,139,6,33,61,12,63,22,52,-1,-1,-1,-1,-1,GA,-1,-1,6.0
9,3,VO,-1,Rockdale County,13247,-1,-1,287,-1,5,17,2.9,821,338,657,13.2,4.6,15,31,22,15,18,46,9,40,20,97,80,20,49,94,68,23,61,14,4,70,11,15,0,87,86,0,1,0,52,76,99,167,4,40,56,17,35,10,54,-1,-1,-1,-1,-1,GA,-1,-1,13.0
9,3,VO,-1,Schley County,13249,-1,-1,2,-1,-4,-4,-4.0,0,-4,0,-4.0,0.0,-4,-4,-4,-4,-4,-4,-4,-4,-4,-4,-4,-4,-4,-4,-4,-4,-4,-4,-4,-4,-4,-4,-4,-4,-4,-4,-4,-4,-4,-4,-4,-4,-4,-4,-4,-4,0,0,0,-1,-1,-1,-1,-1,GA,-1,-1,
9,3,VO,-1,Screven County,13251,-1,-1,21,-1,6,10,2.6,54,231,301,9.5,4.0,10,52,33,5,0,24,10,62,18,81,67,10,57,95,67,50,60,22,5,52,19,24,5,86,86,0,0,0,-2,86,100,155,10,38,52,33,31,13,30,-1,-1,-1,-1,-1,GA,-1,-1,14.0
9,3,VO,-1,Seminole County,13253,-1,-1,15,-1,4,27,3.1,46,210,374,9.0,2.9,33,33,7,27,0,33,33,27,17,93,73,20,60,100,80,20,0,11,7,80,13,0,0,100,100,0,0,0,16,26,100,168,0,33,67,13,50,26,63,-1,-1,-1,-1,-1,GA,-1,-1,0.0
9,3,VO,-1,Spalding County,13255,-1,-1,388,-1,6,8,2.9,1138,335,652,11.8,4.0,17,37,16,13,16,41,19,38,18,98,83,20,44,93,64,27,63,13,1,71,15,13,0,93,91,0,0,1,57,81,99,184,7,25,68,32,47,18,48,-1,-1,-1,-1,-1,GA,-1,-1,7.0
9,3,VO,-1,Stephens County,13257,-1,-1,5,-1,-4,-4,-4.0,0,-4,0,-4.0,0.0,-4,-4,-4,-4,-4,-4,-4,-4,-4,-4,-4,-4,-4,-4,-4,-4,-4,-4,-4,-4,-4,-4,-4,-4,-4,-4,-4,-4,-4,-4,-4,-4,-4,-4,-4,-4,0,0,0,-1,-1,-1,-1,-1,GA,-1,-1,
9,3,VO,-1,Stewart County,13259,-1,-1,6,-1,-4,-4,-4.0,0,-4,0,-4.0,0.0,-4,-4,-4,-4,-4,-4,-4,-4,-4,-4,-4,-4,-4,-4,-4,-4,-4,-4,-4,-4,-4,-4,-4,-4,-4,-4,-4,-4,-4,-4,-4,-4,-4,-4,-4,-4,0,0,0,-1,-1,-1,-1,-1,GA,-1,-1,
9,3,VO,-1,Sumter County,13261,-1,-1,576,-1,5,30,2.7,1571,190,344,8.2,3.0,30,41,19,6,3,35,18,46,18,86,71,11,59,96,70,13,24,5,17,61,12,10,2,95,94,0,0,1,16,40,100,120,14,39,47,17,52,21,47,-1,-1,-1,-1,-1,GA,-1,-1,5.0
9,3,VO,-1,Talbot County,13263,-1,-1,11,-1,7,27,3.2,35,259,372,11.2,3.5,18,27,27,18,9,55,9,36,18,73,45,9,64,100,73,10,100,11,27,45,18,9,0,100,100,0,0,0,15,57,100,191,0,18,82,36,42,15,31,-1,-1,-1,-1,-1,GA,-1,-1,0.0
9,3,VO,-1,Taliaferro County,13265,-1,-1,7,-1,-4,-4,-4.0,0,-4,0,-4.0,0.0,-4,-4,-4,-4,-4,-4,-4,-4,-4,-4,-4,-4,-4,-4,-4,-4,-4,-4,-4,-4,-4,-4,-4,-4,-4,-4,-4,-4,-4,-4,-4,-4,-4,-4,-4,-4,0,0,0,-1,-1,-1,-1,-1,GA,-1,-1,
9,3,VO,-1,Tattnall County,13267,-1,-1,17,-1,5,0,2.5,42,255,242,11.9,4.8,6,53,18,12,12,29,12,59,27,82,59,6,47,100,53,50,60,24,0,41,29,29,6,88,88,0,0,0,-2,84,100,180,6,29,65,41,32,19,36,-1,-1,-1,-1,-1,GA,-1,-1,12.0
9,3,VO,-1,Taylor County,13269,-1,-1,45,-1,5,11,2.7,120,183,311,7.7,2.9,38,31,24,4,2,31,36,31,17,80,64,16,44,100,60,25,80,14,4,58,27,11,4,93,93,0,0,0,39,119,100,196,0,58,42,33,27,17,24,-1,-1,-1,-1,-1,GA,-1,-1,7.0
9,3,VO,-1,Telfair County,13271,-1,-1,23,-1,6,17,2.3,52,234,237,10.7,4.6,22,30,39,0,9,48,13,35,20,74,52,13,17,78,26,18,67,15,0,61,13,26,0,61,61,0,0,0,26,96,100,174,4,65,30,35,28,14,33,-1,-1,-1,-1,-1,GA,-1,-1,39.0
9,3,VO,-1,Terrell County,13273,-1,-1,61,-1,4,28,3.2,194,248,316,10.7,3.4,23,26,28,15,8,66,16,18,24,89,61,13,67,98,80,10,100,6,7,80,10,3,0,98,98,0,0,0,15,31,100,165,5,38,57,13,70,31,48,-1,-1,-1,-1,-1,GA,-1,-1,2.0
9,3,VO,-1,Thomas County,13275,-1,-1,121,-1,5,35,2.5,299,277,304,11.7,4.7,4,37,34,18,7,38,9,53,25,77,38,12,42,88,55,22,28,14,7,50,7,36,4,78,66,0,0,12,5,45,100,131,36,24,40,4,42,15,46,-1,-1,-1,-1,-1,GA,-1,-1,22.0
9,3,VO,-1,Tift County,13277,-1,-1,109,-1,6,17,2.5,277,227,316,9.8,3.9,8,50,26,14,2,34,11,54,21,81,59,13,46,95,59,22,48,14,2,53,17,28,3,83,83,0,0,0,11,53,99,152,11,46,43,30,48,25,43,-1,-1,-1,-1,-1,GA,-1,-1,17.0
9,3,VO,-1,Toombs County,13279,-1,-1,23,-1,6,4,3.3,76,212,354,9.0,2.7,30,43,4,17,4,35,35,30,18,74,61,17,65,96,83,22,0,9,4,87,9,0,0,83,83,0,0,0,-2,54,100,166,9,30,61,9,35,20,45,-1,-1,-1,-1,-1,GA,-1,-1,17.0
9,3,VO,-1,Towns County,13281,-1,-1,6,-1,-4,-4,-4.0,0,-4,0,-4.0,0.0,-4,-4,-4,-4,-4,-4,-4,-4,-4,-4,-4,-4,-4,-4,-4,-4,-4,-4,-4,-4,-4,-4,-4,-4,-4,-4,-4,-4,-4,-4,-4,-4,-4,-4,-4,-4,0,0,0,-1,-1,-1,-1,-1,GA,-1,-1,
9,3,VO,-1,Treutlen County,13283,-1,-1,2,-1,-4,-4,-4.0,0,-4,0,-4.0,0.0,-4,-4,-4,-4,-4,-4,-4,-4,-4,-4,-4,-4,-4,-4,-4,-4,-4,-4,-4,-4,-4,-4,-4,-4,-4,-4,-4,-4,-4,-4,-4,-4,-4,-4,-4,-4,0,0,0,-1,-1,-1,-1,-1,GA,-1,-1,
9,3,VO,-1,Troup County,13285,-1,-1,245,-1,5,32,2.5,620,269,335,11.6,4.6,13,30,34,15,8,35,10,53,25,87,53,16,35,93,50,23,32,14,3,48,14,35,5,75,73,0,0,1,4,75,93,147,20,37,43,19,51,19,43,-1,-1,-1,-1,-1,GA,-1,-1,25.0
9,3,VO,-1,Turner County,13287,-1,-1,19,-1,5,0,2.5,48,197,312,8.5,3.4,16,63,11,11,0,37,21,42,18,79,63,21,42,89,63,31,100,19,0,74,11,16,0,95,95,0,0,0,-2,102,100,159,21,21,58,26,50,28,38,-1,-1,-1,-1,-1,GA,-1,-1,5.0
9,3,VO,-1,Twiggs County,13289,-1,-1,14,-1,5,14,2.8,39,213,411,9.6,3.6,21,36,36,7,0,21,7,57,18,100,86,29,43,100,71,50,50,18,0,71,14,14,0,93,93,0,0,0,-2,77,100,174,0,43,57,21,32,15,37,-1,-1,-1,-1,-1,GA,-1,-1,7.0
9,3,VO,-1,Union County,13291,-1,-1,13,-1,6,31,1.8,24,261,263,10.6,5.8,0,62,15,23,0,31,0,69,25,85,46,0,31,100,31,38,80,38,0,46,15,38,0,15,15,0,0,0,2,83,100,123,23,62,15,15,3,13,63,-1,-1,-1,-1,-1,GA,-1,-1,85.0
9,3,VO,-1,Upson County,13293,-1,-1,53,-1,6,19,2.2,116,253,289,10.5,4.8,8,43,34,11,4,28,9,62,20,72,47,8,40,91,47,23,61,21,0,55,11,34,2,85,85,0,0,0,17,43,100,157,19,43,38,26,39,18,53,-1,-1,-1,-1,-1,GA,-1,-1,15.0
9,3,VO,-1,Walker County,13295,-1,-1,106,-1,4,49,1.3,133,236,262,10.2,8.1,2,49,42,8,0,3,2,94,26,100,74,3,9,78,10,83,63,62,1,22,17,60,3,8,8,0,0,0,2,34,95,83,64,31,5,17,7,17,58,-1,-1,-1,-1,-1,GA,-1,-1,92.0
9,3,VO,-1,Walton County,13297,-1,-1,304,-1,5,3,2.9,868,345,668,12.1,4.2,17,32,24,12,15,37,17,43,19,99,84,19,44,92,62,26,79,18,1,68,15,15,1,87,85,0,0,2,-2,90,99,179,3,36,61,25,36,16,53,-1,-1,-1,-1,-1,GA,-1,-1,13.0
9,3,VO,-1,Ware County,13299,-1,-1,313,-1,5,21,2.8,886,235,330,10.2,3.6,19,41,23,12,5,39,15,42,21,84,63,17,49,96,65,22,60,13,8,63,9,20,3,75,74,0,0,1,14,51,98,152,13,37,50,21,41,25,53,-1,-1,-1,-1,-1,GA,-1,-1,25.0
9,3,VO,-1,Warren County,13301,-1,-1,28,-1,5,25,3.6,100,212,382,8.4,2.4,43,25,14,7,11,46,39,11,17,89,71,25,71,100,96,0,0,2,29,71,0,0,0,100,100,0,0,0,18,46,100,186,0,36,64,4,60,28,45,-1,-1,-1,-1,-1,GA,-1,-1,0.0
9,3,VO,-1,Washington County,13303,-1,-1,22,-1,6,5,2.9,64,284,277,11.1,3.8,14,41,23,18,5,50,23,27,22,77,55,23,36,100,59,16,33,13,0,77,9,14,0,95,95,0,0,0,-2,90,100,188,5,23,73,32,57,25,49,-1,-1,-1,-1,-1,GA,-1,-1,5.0
9,3,VO,-1,Wayne County,13305,-1,-1,38,-1,6,21,2.5,96,245,310,9.6,3.8,21,42,16,16,5,29,24,47,22,84,55,16,42,92,55,24,33,13,3,63,11,24,5,63,63,0,0,0,28,50,100,147,11,45,45,32,36,17,52,-1,-1,-1,-1,-1,GA,-1,-1,37.0
9,3,VO,-1,Webster County,13307,-1,-1,3,-1,-4,-4,-4.0,0,-4,0,-4.0,0.0,-4,-4,-4,-4,-4,-4,-4,-4,-4,-4,-4,-4,-4,-4,-4,-4,-4,-4,-4,-4,-4,-4,-4,-4,-4,-4,-4,-4,-4,-4,-4,-4,-4,-4,-4,-4,0,0,0,-1,-1,-1,-1,-1,GA,-1,-1,
9,3,VO,-1,Wheeler County,13309,-1,-1,0,-1,-4,-4,-4.0,0,-4,0,-4.0,0.0,-4,-4,-4,-4,-4,-4,-4,-4,-4,-4,-4,-4,-4,-4,-4,-4,-4,-4,-4,-4,-4,-4,-4,-4,-4,-4,-4,-4,-4,-4,-4,-4,-4,-4,-4,-4,0,0,0,-1,-1,-1,-1,-1,GA,-1,-1,
9,3,VO,-1,White County,13311,-1,-1,3,-1,-4,-4,-4.0,0,-4,0,-4.0,0.0,-4,-4,-4,-4,-4,-4,-4,-4,-4,-4,-4,-4,-4,-4,-4,-4,-4,-4,-4,-4,-4,-4,-4,-4,-4,-4,-4,-4,-4,-4,-4,-4,-4,-4,-4,-4,0,0,0,-1,-1,-1,-1,-1,GA,-1,-1,
9,3,VO,-1,Whitfield County,13313,-1,-1,18,-1,8,17,1.1,19,209,275,8.7,8.3,0,72,28,0,0,6,0,94,17,78,72,0,0,56,0,100,50,79,0,39,28,33,6,6,6,0,0,0,7,114,100,104,83,17,0,11,52,19,39,-1,-1,-1,-1,-1,GA,-1,-1,94.0
9,3,VO,-1,Wilcox County,13315,-1,-1,10,-1,-4,-4,-4.0,0,-4,0,-4.0,0.0,-4,-4,-4,-4,-4,-4,-4,-4,-4,-4,-4,-4,-4,-4,-4,-4,-4,-4,-4,-4,-4,-4,-4,-4,-4,-4,-4,-4,-4,-4,-4,-4,-4,-4,-4,-4,0,0,0,-1,-1,-1,-1,-1,GA,-1,-1,
9,3,VO,-1,Wilkes County,13317,-1,-1,5,-1,-4,-4,-4.0,0,-4,0,-4.0,0.0,-4,-4,-4,-4,-4,-4,-4,-4,-4,-4,-4,-4,-4,-4,-4,-4,-4,-4,-4,-4,-4,-4,-4,-4,-4,-4,-4,-4,-4,-4,-4,-4,-4,-4,-4,-4,0,0,0,-1,-1,-1,-1,-1,GA,-1,-1,
9,3,VO,-1,Wilkinson County,13319,-1,-1,9,-1,-4,-4,-4.0,0,-4,0,-4.0,0.0,-4,-4,-4,-4,-4,-4,-4,-4,-4,-4,-4,-4,-4,-4,-4,-4,-4,-4,-4,-4,-4,-4,-4,-4,-4,-4,-4,-4,-4,-4,-4,-4,-4,-4,-4,-4,0,0,0,-1,-1,-1,-1,-1,GA,-1,-1,
9,3,VO,-1,Worth County,13321,-1,-1,34,-1,6,3,2.9,100,225,320,9.8,3.3,18,41,32,3,6,32,24,44,17,68,50,24,47,91,68,23,75,14,6,56,15,24,3,71,71,0,0,0,-2,96,100,173,12,24,65,21,42,20,40,-1,-1,-1,-1,-1,GA,-1,-1,29.0
9,3,VO,-1,Missing County,13999,-1,-1,0,-1,-4,-4,-4.0,0,-4,0,-4.0,0.0,-4,-4,-4,-4,-4,-4,-4,-4,-4,-4,-4,-4,-4,-4,-4,-4,-4,-4,-4,-4,-4,-4,-4,-4,-4,-4,-4,-4,-4,-4,-4,-4,-4,-4,-4,-4,0,0,0,-1,-1,-1,-1,-1,GA,-1,-1,
