gsl,states,entities,sumlevel,program_label,program,sub_program,Name,code,Subsidized units available,pct_occupied,number_reported,pct_reported,months_since_report,pct_movein,people_per_unit,people_total,rent_per_month,spending_per_month,hh_income,person_income,pct_lt5k,pct_5k_lt10k,pct_10k_lt15k,pct_15k_lt20k,pct_ge20k,pct_wage_major,pct_welfare_major,pct_other_major,pct_median,pct_lt50_median,pct_lt30_median,pct_2adults,pct_1adult,pct_female_head,pct_female_head_child,pct_disabled_lt62,pct_disabled_ge62,pct_disabled_all,pct_lt24_head,pct_age25_50,pct_age51_61,pct_age62plus,pct_age85plus,% Minority,pct_black,pct_native_american,pct_asian_pacific,pct_hispanic,months_waiting,months_from_movein,pct_utility_allow,ave_util_allow,pct_bed1,pct_bed2,pct_bed3,pct_overhoused,tpoverty,tminority,tpct_ownsfd,fedhse,cbsa,place,latitude,longitude,state,pha_total_units,ha_size,%White Non-Hispanic
County,KS Kansas,KS Allen County 20001,9,Housing Choice Vouchers,3,A,Allen County,20001,25.0,83,21,100,5.73492063492063,0,1.66666666666667,34.2306763285024,228.428571428572,329.476190476191,9445.42857142857,5667.25714285714,10,62,24,0,5,19,10,71,23,100,81,0,33,90,33,72,33,40,5,57,24,14,0,19,14,0,5,0,-1.0,38.5634920634921,95,81.05,10,52,38,62,18,7,65,A,A,A,-1,-1,KS,-1,A,81.0
County,KS Kansas,KS Anderson County 20003,9,Housing Choice Vouchers,3,A,Anderson County,20003,11.0,57,6,97,4.89444444444444,-4,-4.0,-4.0,-4.0,-4.0,-4.0,7640.71428571429,-4,-4,-4,-4,-4,-4,-4,-4,24,-4,-4,-4,-4,-4,-4,-4,-4,-4,-4,-4,-4,-4,-4,0,-4,-4,-4,-4,-1.0,55.4777777777778,-4,-4.0,-4,-4,-4,-4,11,3,72,A,A,A,-1,-1,KS,-1,A,100.0
County,KS Kansas,KS Atchison County 20005,9,Housing Choice Vouchers,3,A,Atchison County,20005,35.0,70,26,100,5.11122938037398,4,2.39370788445856,59.1420996818664,224.02499109052,424.520981824661,9750.723121164,4073.48080543652,15,50,15,15,4,28,24,48,23,100,73,4,43,85,43,33,19,14,12,46,23,19,0,35,35,0,0,0,117.577777777778,33.9069030144355,89,127.897500484402,11,54,35,35,15,13,63,A,A,A,-1,-1,KS,-1,A,65.0
County,KS Kansas,KS Barber County 20007,9,Housing Choice Vouchers,3,A,Barber County,20007,4.0,97,4,100,5.58333333333333,-4,-4.0,-4.0,-4.0,-4.0,-4.0,3692.33333333333,-4,-4,-4,-4,-4,-4,-4,-4,14,-4,-4,-4,-4,-4,-4,-4,-4,-4,-4,-4,-4,-4,-4,25,-4,-4,-4,-4,-1.0,28.3833333333333,-4,-4.0,-4,-4,-4,-4,8,2,64,A,A,A,-1,-1,KS,-1,A,75.0
County,KS Kansas,KS Barton County 20009,9,Housing Choice Vouchers,3,A,Barton County,20009,91.0,82,80,100,5.4265507388408,26,1.68024427043592,125.782571724342,261.490785038559,257.82107570084,11584.7632359659,6894.68992086514,9,40,31,12,8,11,10,79,29,95,59,0,30,81,27,62,96,50,4,42,20,34,6,8,4,1,0,5,4.53492063492063,36.4869696917317,100,110.471044866049,62,28,10,1,16,14,61,A,A,A,-1,-1,KS,-1,A,92.0
County,KS Kansas,KS Bourbon County 20011,9,Housing Choice Vouchers,3,A,Bourbon County,20011,47.0,83,40,100,4.30916666666667,25,2.325,90.9557971014493,228.075,365.075,9810.40000000001,4219.52688172043,20,40,20,15,5,18,18,64,22,98,75,0,58,80,50,38,83,25,15,60,10,15,0,23,20,0,0,3,19.19,27.3625,100,70.275,13,53,35,33,14,9,67,A,A,A,-1,-1,KS,-1,A,77.0
County,KS Kansas,KS Brown County 20013,9,Housing Choice Vouchers,3,A,Brown County,20013,67.0,84,62,100,8.70268817204299,16,1.85483870967742,103.780487804878,240.112903225806,332.688524590164,11095.1451612903,5981.7304347826,10,39,34,15,3,15,10,74,27,98,60,3,32,74,32,60,53,37,8,47,21,24,2,6,5,2,0,0,17.9166666666667,45.1784946236558,97,119.1,37,39,24,27,12,11,65,A,A,A,-1,-1,KS,-1,A,94.0
County,KS Kansas,KS Butler County 20015,9,Housing Choice Vouchers,3,A,Butler County,20015,85.0,86,68,94,7.18677248677248,9,1.23529411764706,89.8036363636363,265.147058823529,348.477611940298,11499.1470588235,9308.83333333334,1,47,34,15,3,7,0,93,25,100,74,1,7,69,7,87,30,50,0,26,29,44,13,1,1,0,0,0,11.8222222222222,73.9867647058824,99,124.328358208955,69,22,9,22,8,6,63,A,A,A,-1,-1,KS,-1,A,99.0
County,KS Kansas,KS Chase County 20017,9,Housing Choice Vouchers,3,A,Chase County,20017,2.0,83,2,99,7.53333333333333,-4,-4.0,-4.0,-4.0,-4.0,-4.0,3714.0,-4,-4,-4,-4,-4,-4,-4,-4,24,-4,-4,-4,-4,-4,-4,-4,-4,-4,-4,-4,-4,-4,-4,0,-4,-4,-4,-4,15.1333333333333,17.8666666666667,-4,-4.0,-4,-4,-4,-4,9,4,65,A,A,A,-1,-1,KS,-1,A,100.0
County,KS Kansas,KS Chautauqua County 20019,9,Housing Choice Vouchers,3,A,Chautauqua County,20019,22.0,72,17,100,7.6,6,1.47058823529412,23.7762237762238,281.117647058823,287.823529411765,9674.29411764706,6578.52,12,47,35,0,6,6,6,88,25,100,76,0,24,100,24,50,33,28,0,24,24,53,6,0,0,0,0,0,20.5,52.6254901960784,100,168.823529411765,35,59,6,41,12,7,70,A,A,A,-1,-1,KS,-1,A,100.0
County,KS Kansas,KS Cherokee County 20021,9,Housing Choice Vouchers,3,A,Cherokee County,20021,51.0,83,43,100,6.02248062015504,7,1.53488372093023,64.5492753623188,206.186046511628,325.928571428572,8800.51162790698,5733.66666666667,12,58,23,7,0,10,5,85,23,100,77,0,21,84,21,82,100,58,0,47,30,23,0,5,0,2,0,2,43.3777777777778,54.8209302325582,100,78.4418604651163,21,63,16,51,16,9,64,A,A,A,-1,-1,KS,-1,A,95.0
County,KS Kansas,KS Cheyenne County 20023,9,Housing Choice Vouchers,3,A,Cheyenne County,20023,3.0,58,2,100,2.51666666666667,-4,-4.0,-4.0,-4.0,-4.0,-4.0,4624.33333333333,-4,-4,-4,-4,-4,-4,-4,-4,16,-4,-4,-4,-4,-4,-4,-4,-4,-4,-4,-4,-4,-4,-4,0,-4,-4,-4,-4,3.53333333333333,1.71666666666667,-4,-4.0,-4,-4,-4,-4,9,3,73,A,A,A,-1,-1,KS,-1,A,100.0
County,KS Kansas,KS Clark County 20025,9,Housing Choice Vouchers,3,A,Clark County,20025,,-1,-1,-1,-1.0,-1,-1.0,-1.0,-1.0,-1.0,-1.0,-1.0,-1,-1,-1,-1,-1,-1,-1,-1,-1,-1,-1,-1,-1,-1,-1,-1,-1,-1,-1,-1,-1,-1,-1,-1,-1,-1,-1,-1,-1.0,-1.0,-1,-1.0,-1,-1,-1,-1,-1,-1,-1,A,A,A,-1,-1,KS,-1,A,
County,KS Kansas,KS Clay County 20027,9,Housing Choice Vouchers,3,A,Clay County,20027,11.0,83,9,99,6.51111111111111,-4,-4.0,-4.0,-4.0,-4.0,-4.0,8550.15384615385,-4,-4,-4,-4,-4,-4,-4,-4,33,-4,-4,-4,-4,-4,-4,-4,-4,-4,-4,-4,-4,-4,-4,11,-4,-4,-4,-4,13.9,37.8444444444444,-4,-4.0,-4,-4,-4,-4,11,3,70,A,A,A,-1,-1,KS,-1,A,89.0
County,KS Kansas,KS Cloud County 20029,9,Housing Choice Vouchers,3,A,Cloud County,20029,5.0,83,4,99,7.36666666666667,-4,-4.0,-4.0,-4.0,-4.0,-4.0,4180.14285714286,-4,-4,-4,-4,-4,-4,-4,-4,19,-4,-4,-4,-4,-4,-4,-4,-4,-4,-4,-4,-4,-4,-4,0,-4,-4,-4,-4,14.8333333333333,16.6416666666667,-4,-4.0,-4,-4,-4,-4,10,2,72,A,A,A,-1,-1,KS,-1,A,100.0
County,KS Kansas,KS Coffey County 20031,9,Housing Choice Vouchers,3,A,Coffey County,20031,18.0,57,10,97,5.42666666666667,-4,-4.0,-4.0,-4.0,-4.0,-4.0,7928.0,-4,-4,-4,-4,-4,-4,-4,-4,26,-4,-4,-4,-4,-4,-4,-4,-4,-4,-4,-4,-4,-4,-4,10,-4,-4,-4,-4,53.85,65.5,-4,-4.0,-4,-4,-4,-4,7,6,66,A,A,A,-1,-1,KS,-1,A,90.0
County,KS Kansas,KS Comanche County 20033,9,Housing Choice Vouchers,3,A,Comanche County,20033,,-1,-1,-1,-1.0,-1,-1.0,-1.0,-1.0,-1.0,-1.0,-1.0,-1,-1,-1,-1,-1,-1,-1,-1,-1,-1,-1,-1,-1,-1,-1,-1,-1,-1,-1,-1,-1,-1,-1,-1,-1,-1,-1,-1,-1.0,-1.0,-1,-1.0,-1,-1,-1,-1,-1,-1,-1,A,A,A,-1,-1,KS,-1,A,
County,KS Kansas,KS Cowley County 20035,9,Housing Choice Vouchers,3,A,Cowley County,20035,156.0,72,118,100,6.35282485875707,22,2.19491525423729,246.321678321678,308.542372881356,324.407407407408,10552.6949152542,4807.7915057915,19,42,16,14,8,27,5,68,24,97,75,5,41,81,41,47,60,24,8,56,19,17,2,18,10,2,0,6,11.4703703703704,31.611581920904,82,160.494845360825,25,37,37,30,14,14,62,A,A,A,-1,-1,KS,-1,A,82.0
County,KS Kansas,KS Crawford County 20037,9,Housing Choice Vouchers,3,A,Crawford County,20037,538.0,78,419,100,4.85959533908664,19,2.30921684475661,965.201325178387,233.430737149336,361.291399356503,9833.46105406954,4258.35324924021,16,42,26,13,3,31,4,65,23,99,76,13,37,80,44,38,68,21,8,58,20,14,0,12,9,2,0,2,11.8697238091196,38.5903678059133,98,73.9240466561327,28,42,30,20,20,10,52,A,A,A,-1,-1,KS,-1,A,88.0
County,KS Kansas,KS Decatur County 20039,9,Housing Choice Vouchers,3,A,Decatur County,20039,2.0,58,1,100,1.0,-4,-4.0,-4.0,-4.0,-4.0,-4.0,8328.0,-4,-4,-4,-4,-4,-4,-4,-4,23,-4,-4,-4,-4,-4,-4,-4,-4,-4,-4,-4,-4,-4,-4,0,-4,-4,-4,-4,-1.0,93.3666666666667,-4,-4.0,-4,-4,-4,-4,7,3,70,A,A,A,-1,-1,KS,-1,A,100.0
County,KS Kansas,KS Dickinson County 20041,9,Housing Choice Vouchers,3,A,Dickinson County,20041,36.0,83,29,99,4.55057471264368,0,1.68965517241379,49.7259259259259,296.0,277.103448275862,12650.8275862069,7487.22448979592,7,31,31,21,10,21,0,79,29,93,52,3,31,93,31,33,43,22,0,41,10,48,10,0,0,0,0,0,-1.0,62.9275862068965,97,74.5357142857142,66,14,21,0,8,6,66,A,A,A,-1,-1,KS,-1,A,100.0
County,KS Kansas,KS Doniphan County 20043,9,Housing Choice Vouchers,3,A,Doniphan County,20043,19.0,84,18,100,7.93518518518519,17,2.16666666666667,35.1951219512195,243.111111111111,388.722222222222,10594.0,4889.53846153846,11,56,22,0,11,28,11,61,24,94,78,6,28,83,33,38,80,28,0,56,17,28,0,0,0,0,0,0,18.2111111111111,50.3351851851852,100,134.5,39,28,33,17,10,3,68,A,A,A,-1,-1,KS,-1,A,100.0
County,KS Kansas,KS Douglas County 20045,9,Housing Choice Vouchers,3,A,Douglas County,20045,592.0,100,472,80,6.7590395480226,10,2.04237288135593,1209.08474576271,312.73093220339,554.999999999997,14581.1355932203,7139.31120331949,7,29,25,16,23,25,6,62,22,100,67,4,32,70,31,55,40,28,2,56,19,22,3,24,15,6,1,3,-1.0,68.0043785310734,62,89.0412371134023,28,35,38,35,15,16,45,A,A,A,-1,-1,KS,-1,A,76.0
County,KS Kansas,KS Edwards County 20047,9,Housing Choice Vouchers,3,A,Edwards County,20047,1.0,97,1,100,4.03333333333333,-4,-4.0,-4.0,-4.0,-4.0,-4.0,10632.0,-4,-4,-4,-4,-4,-4,-4,-4,29,-4,-4,-4,-4,-4,-4,-4,-4,-4,-4,-4,-4,-4,-4,0,-4,-4,-4,-4,5.63333333333333,0.0,-4,-4.0,-4,-4,-4,-4,9,9,71,A,A,A,-1,-1,KS,-1,A,100.0
County,KS Kansas,KS Elk County 20049,9,Housing Choice Vouchers,3,A,Elk County,20049,4.0,72,3,100,8.1,-4,-4.0,-4.0,-4.0,-4.0,-4.0,2554.8,-4,-4,-4,-4,-4,-4,-4,-4,20,-4,-4,-4,-4,-4,-4,-4,-4,-4,-4,-4,-4,-4,-4,0,-4,-4,-4,-4,-1.0,79.3777777777778,-4,-4.0,-4,-4,-4,-4,14,5,70,A,A,A,-1,-1,KS,-1,A,100.0
County,KS Kansas,KS Ellis County 20051,9,Housing Choice Vouchers,3,A,Ellis County,20051,164.0,67,108,98,5.32210276180763,10,1.7564319625632,191.295647462525,248.085116650056,363.267797330441,9714.93827140019,5531.06438419795,11,46,34,6,3,21,7,70,22,100,85,1,35,74,33,62,68,36,6,60,21,12,0,8,2,2,0,6,10.1103765121501,70.025300351716,94,125.795895038407,34,42,23,31,16,5,50,A,A,A,-1,-1,KS,-1,A,92.0
County,KS Kansas,KS Ellsworth County 20053,9,Housing Choice Vouchers,3,A,Ellsworth County,20053,7.0,83,6,99,4.36666666666667,-4,-4.0,-4.0,-4.0,-4.0,-4.0,12540.6666666667,-4,-4,-4,-4,-4,-4,-4,-4,32,-4,-4,-4,-4,-4,-4,-4,-4,-4,-4,-4,-4,-4,-4,0,-4,-4,-4,-4,16.2333333333333,32.4666666666667,-4,-4.0,-4,-4,-4,-4,7,10,73,A,A,A,-1,-1,KS,-1,A,100.0
County,KS Kansas,KS Finney County 20055,9,Housing Choice Vouchers,3,A,Finney County,20055,185.0,97,183,100,4.04714285714285,9,1.92896174863387,348.497448979592,272.27868852459,343.466292134831,11246.0,5830.07932011332,12,38,28,11,10,24,5,71,26,97,68,2,34,78,35,56,57,33,11,47,25,16,1,43,8,1,0,34,10.1725490196078,48.3001821493624,99,125.049723756906,43,41,16,15,12,40,55,A,A,A,-1,-1,KS,-1,A,57.0
County,KS Kansas,KS Ford County 20057,9,Housing Choice Vouchers,3,A,Ford County,20057,139.0,61,78,92,6.62452378652982,23,2.6464045981646,224.775615040537,275.281741262726,359.055492511028,12276.5608538861,4638.95840507548,14,36,15,21,14,35,11,54,27,95,60,4,57,82,57,28,19,11,10,58,13,19,1,55,10,1,0,46,9.3574074074074,38.6778257873267,99,97.9305828045057,20,44,36,15,10,39,55,A,A,A,-1,-1,KS,-1,A,45.0
County,KS Kansas,KS Franklin County 20059,9,Housing Choice Vouchers,3,A,Franklin County,20059,149.0,57,83,97,4.74835680751173,11,2.01204819277108,171.805755395684,295.289156626505,398.10975609756,11390.9156626506,5661.35329341317,2,57,24,10,7,22,5,71,24,99,81,10,25,82,34,58,74,35,5,52,20,23,5,10,5,2,0,4,33.2777777777778,64.5220883534135,99,169.378048780487,30,40,30,29,9,8,58,A,A,A,-1,-1,KS,-1,A,90.0
County,KS Kansas,KS Geary County 20061,9,Housing Choice Vouchers,3,A,Geary County,20061,109.0,69,79,99,4.3600152154707,24,2.31670266025327,174.816666666667,250.715274369294,476.59276119403,9839.71856287426,4247.29454137138,25,30,27,10,7,24,12,64,22,97,74,1,66,97,67,31,26,14,10,63,17,10,1,70,62,3,4,5,7.01624267493968,45.8093157946403,100,113.894792382448,21,47,33,13,14,42,43,A,A,A,-1,-1,KS,-1,A,30.0
County,KS Kansas,KS Gove County 20063,9,Housing Choice Vouchers,3,A,Gove County,20063,,-1,-1,-1,-1.0,-1,-1.0,-1.0,-1.0,-1.0,-1.0,-1.0,-1,-1,-1,-1,-1,-1,-1,-1,-1,-1,-1,-1,-1,-1,-1,-1,-1,-1,-1,-1,-1,-1,-1,-1,-1,-1,-1,-1,-1.0,-1.0,-1,-1.0,-1,-1,-1,-1,-1,-1,-1,A,A,A,-1,-1,KS,-1,A,
County,KS Kansas,KS Graham County 20065,9,Housing Choice Vouchers,3,A,Graham County,20065,5.0,58,3,100,8.44444444444444,-4,-4.0,-4.0,-4.0,-4.0,-4.0,13046.3333333333,-4,-4,-4,-4,-4,-4,-4,-4,35,-4,-4,-4,-4,-4,-4,-4,-4,-4,-4,-4,-4,-4,-4,0,-4,-4,-4,-4,-1.0,145.755555555556,-4,-4.0,-4,-4,-4,-4,10,5,71,A,A,A,-1,-1,KS,-1,A,100.0
County,KS Kansas,KS Grant County 20067,9,Housing Choice Vouchers,3,A,Grant County,20067,5.0,97,5,100,3.89166666666667,-4,-4.0,-4.0,-4.0,-4.0,-4.0,7370.77777777778,-4,-4,-4,-4,-4,-4,-4,-4,31,-4,-4,-4,-4,-4,-4,-4,-4,-4,-4,-4,-4,-4,-4,40,-4,-4,-4,-4,7.9,41.5866666666667,-4,-4.0,-4,-4,-4,-4,10,37,64,A,A,A,-1,-1,KS,-1,A,60.0
County,KS Kansas,KS Gray County 20069,9,Housing Choice Vouchers,3,A,Gray County,20069,,-1,-1,-1,-1.0,-1,-1.0,-1.0,-1.0,-1.0,-1.0,-1.0,-1,-1,-1,-1,-1,-1,-1,-1,-1,-1,-1,-1,-1,-1,-1,-1,-1,-1,-1,-1,-1,-1,-1,-1,-1,-1,-1,-1,-1.0,-1.0,-1,-1.0,-1,-1,-1,-1,-1,-1,-1,A,A,A,-1,-1,KS,-1,A,
County,KS Kansas,KS Greeley County 20071,9,Housing Choice Vouchers,3,A,Greeley County,20071,2.0,97,2,100,4.05,-4,-4.0,-4.0,-4.0,-4.0,-4.0,8574.0,-4,-4,-4,-4,-4,-4,-4,-4,21,-4,-4,-4,-4,-4,-4,-4,-4,-4,-4,-4,-4,-4,-4,50,-4,-4,-4,-4,-1.0,48.7,-4,-4.0,-4,-4,-4,-4,-1,-1,-1,A,A,A,-1,-1,KS,-1,A,50.0
County,KS Kansas,KS Greenwood County 20073,9,Housing Choice Vouchers,3,A,Greenwood County,20073,25.0,72,19,100,5.37543859649123,26,2.78947368421053,50.4055944055944,277.736842105263,343.105263157895,9852.89473684211,3532.16981132075,32,26,26,11,5,35,0,65,22,100,63,16,42,74,42,27,25,9,5,68,5,21,0,16,11,5,0,0,13.5866666666667,23.5385964912281,95,218.833333333333,0,58,42,47,14,5,64,A,A,A,-1,-1,KS,-1,A,84.0
County,KS Kansas,KS Hamilton County 20075,9,Housing Choice Vouchers,3,A,Hamilton County,20075,2.0,97,2,100,9.13333333333333,-4,-4.0,-4.0,-4.0,-4.0,-4.0,9366.33333333333,-4,-4,-4,-4,-4,-4,-4,-4,35,-4,-4,-4,-4,-4,-4,-4,-4,-4,-4,-4,-4,-4,-4,50,-4,-4,-4,-4,-1.0,30.5333333333333,-4,-4.0,-4,-4,-4,-4,-1,-1,-1,A,A,A,-1,-1,KS,-1,A,50.0
County,KS Kansas,KS Harper County 20077,9,Housing Choice Vouchers,3,A,Harper County,20077,13.0,72,10,100,5.78,-4,-4.0,-4.0,-4.0,-4.0,-4.0,11412.7272727273,-4,-4,-4,-4,-4,-4,-4,-4,33,-4,-4,-4,-4,-4,-4,-4,-4,-4,-4,-4,-4,-4,-4,0,-4,-4,-4,-4,15.1833333333333,42.3166666666667,-4,-4.0,-4,-4,-4,-4,14,5,68,A,A,A,-1,-1,KS,-1,A,100.0
County,KS Kansas,KS Harvey County 20079,9,Housing Choice Vouchers,3,A,Harvey County,20079,80.0,95,79,99,4.91097766379571,15,1.35200147187415,102.128069738481,268.451986040935,316.653066294302,10475.316771452,7748.00692852136,8,52,21,14,5,13,4,84,23,100,77,1,13,71,11,80,51,56,1,47,34,18,1,10,5,1,0,4,17.2972222222222,46.5805735033638,94,97.1239519429021,58,34,8,23,7,17,63,A,A,A,-1,-1,KS,-1,A,90.0
County,KS Kansas,KS Haskell County 20081,9,Housing Choice Vouchers,3,A,Haskell County,20081,6.0,97,6,100,5.22,-4,-4.0,-4.0,-4.0,-4.0,-4.0,4305.46153846154,-4,-4,-4,-4,-4,-4,-4,-4,21,-4,-4,-4,-4,-4,-4,-4,-4,-4,-4,-4,-4,-4,-4,0,-4,-4,-4,-4,6.36666666666667,51.9944444444444,-4,-4.0,-4,-4,-4,-4,12,27,56,A,A,A,-1,-1,KS,-1,A,100.0
County,KS Kansas,KS Hodgeman County 20083,9,Housing Choice Vouchers,3,A,Hodgeman County,20083,,-1,-1,-1,-1.0,-1,-1.0,-1.0,-1.0,-1.0,-1.0,-1.0,-1,-1,-1,-1,-1,-1,-1,-1,-1,-1,-1,-1,-1,-1,-1,-1,-1,-1,-1,-1,-1,-1,-1,-1,-1,-1,-1,-1,-1.0,-1.0,-1,-1.0,-1,-1,-1,-1,-1,-1,-1,A,A,A,-1,-1,KS,-1,A,
County,KS Kansas,KS Jackson County 20085,9,Housing Choice Vouchers,3,A,Jackson County,20085,31.0,84,29,100,7.21609195402299,31,2.27586206896552,59.5609756097561,224.586206896552,432.758620689655,9880.03448275862,4341.22727272727,28,31,17,10,14,21,21,59,20,100,72,17,28,83,45,42,33,20,3,62,24,10,0,10,3,7,0,0,23.5925925925926,31.6977011494253,100,149.275862068966,21,52,28,24,10,7,67,A,A,A,-1,-1,KS,-1,A,90.0
County,KS Kansas,KS Jefferson County 20087,9,Housing Choice Vouchers,3,A,Jefferson County,20087,30.0,84,28,100,8.8797619047619,25,2.10714285714286,53.2439024390244,241.407407407407,346.555555555556,11376.0357142857,5398.79661016949,7,29,46,14,4,21,7,71,23,100,82,7,29,79,36,61,20,25,4,46,14,36,7,4,0,0,0,4,18.3619047619048,48.6535714285714,96,116.481481481481,39,36,25,25,8,4,73,A,A,A,-1,-1,KS,-1,A,96.0
County,KS Kansas,KS Jewell County 20089,9,Housing Choice Vouchers,3,A,Jewell County,20089,,-1,-1,-1,-1.0,-1,-1.0,-1.0,-1.0,-1.0,-1.0,-1.0,-1,-1,-1,-1,-1,-1,-1,-1,-1,-1,-1,-1,-1,-1,-1,-1,-1,-1,-1,-1,-1,-1,-1,-1,-1,-1,-1,-1,-1.0,-1.0,-1,-1.0,-1,-1,-1,-1,-1,-1,-1,A,A,A,-1,-1,KS,-1,A,
County,KS Kansas,KS Johnson County 20091,9,Housing Choice Vouchers,3,A,Johnson County,20091,1949.0,93,2010,100,5.09598003995154,13,2.23974814572016,4067.38263262794,311.280038021549,561.33885509081,12235.9079743015,5463.07315743629,14,34,23,13,16,27,11,61,21,98,78,2,46,82,46,45,70,24,4,65,19,12,1,49,43,0,1,4,18.4975321007538,66.9419295089089,97,138.635096269243,28,39,33,19,5,15,52,A,A,A,-1,-1,KS,-1,A,51.0
County,KS Kansas,KS Kearny County 20093,9,Housing Choice Vouchers,3,A,Kearny County,20093,2.0,97,2,100,3.78333333333333,-4,-4.0,-4.0,-4.0,-4.0,-4.0,2981.6,-4,-4,-4,-4,-4,-4,-4,-4,17,-4,-4,-4,-4,-4,-4,-4,-4,-4,-4,-4,-4,-4,-4,0,-4,-4,-4,-4,10.5,64.7666666666667,-4,-4.0,-4,-4,-4,-4,12,29,54,A,A,A,-1,-1,KS,-1,A,100.0
County,KS Kansas,KS Kingman County 20095,9,Housing Choice Vouchers,3,A,Kingman County,20095,25.0,72,19,100,7.79122807017544,16,1.63157894736842,29.4825174825175,311.842105263158,272.947368421053,10591.3684210526,6491.48387096774,5,63,11,11,11,16,5,79,25,100,79,0,26,89,26,69,67,45,11,32,26,32,0,0,0,0,0,0,12.4555555555556,46.9385964912281,100,150.105263157895,11,63,26,58,11,4,72,A,A,A,-1,-1,KS,-1,A,100.0
County,KS Kansas,KS Kiowa County 20097,9,Housing Choice Vouchers,3,A,Kiowa County,20097,1.0,97,1,100,9.86666666666667,-4,-4.0,-4.0,-4.0,-4.0,-4.0,8088.0,-4,-4,-4,-4,-4,-4,-4,-4,22,-4,-4,-4,-4,-4,-4,-4,-4,-4,-4,-4,-4,-4,-4,0,-4,-4,-4,-4,6.4,0.0,-4,-4.0,-4,-4,-4,-4,11,4,65,A,A,A,-1,-1,KS,-1,A,100.0
County,KS Kansas,KS Labette County 20099,9,Housing Choice Vouchers,3,A,Labette County,20099,26.0,83,22,100,4.78030303030303,9,1.36363636363636,29.3405797101449,211.590909090909,277.318181818182,9254.81818181818,6786.86666666667,5,68,27,0,0,9,0,91,24,100,95,0,14,82,14,80,43,50,0,36,32,32,5,9,9,0,0,0,16.8833333333333,57.3681818181818,82,81.3333333333333,27,45,27,59,14,16,64,A,A,A,-1,-1,KS,-1,A,91.0
County,KS Kansas,KS Lane County 20101,9,Housing Choice Vouchers,3,A,Lane County,20101,1.0,97,1,100,8.13333333333333,-4,-4.0,-4.0,-4.0,-4.0,-4.0,10908.0,-4,-4,-4,-4,-4,-4,-4,-4,30,-4,-4,-4,-4,-4,-4,-4,-4,-4,-4,-4,-4,-4,-4,0,-4,-4,-4,-4,-1.0,72.4666666666667,-4,-4.0,-4,-4,-4,-4,-1,-1,-1,A,A,A,-1,-1,KS,-1,A,100.0
County,KS Kansas,KS Leavenworth County 20103,9,Housing Choice Vouchers,3,A,Leavenworth County,20103,444.0,59,284,100,4.81102850061956,23,1.84154929577465,486.169014084508,316.528169014084,432.431095406359,12435.9859154929,6753.00191204587,9,31,33,15,12,24,1,75,23,98,79,1,29,58,27,47,47,28,4,43,32,21,2,44,40,1,0,2,8.23802083333332,47.0449530516431,83,136.270042194092,38,42,20,29,13,25,50,A,A,A,-1,-1,KS,-1,A,56.0
County,KS Kansas,KS Lincoln County 20105,9,Housing Choice Vouchers,3,A,Lincoln County,20105,2.0,83,2,99,8.13333333333333,-4,-4.0,-4.0,-4.0,-4.0,-4.0,4104.0,-4,-4,-4,-4,-4,-4,-4,-4,20,-4,-4,-4,-4,-4,-4,-4,-4,-4,-4,-4,-4,-4,-4,50,-4,-4,-4,-4,-1.0,50.7666666666667,-4,-4.0,-4,-4,-4,-4,10,2,74,A,A,A,-1,-1,KS,-1,A,50.0
County,KS Kansas,KS Linn County 20107,9,Housing Choice Vouchers,3,A,Linn County,20107,9.0,83,8,100,2.82916666666667,-4,-4.0,-4.0,-4.0,-4.0,-4.0,3153.34482758621,-4,-4,-4,-4,-4,-4,-4,-4,17,-4,-4,-4,-4,-4,-4,-4,-4,-4,-4,-4,-4,-4,-4,0,-4,-4,-4,-4,16.4,27.0666666666667,-4,-4.0,-4,-4,-4,-4,14,3,65,A,A,A,-1,-1,KS,-1,A,100.0
County,KS Kansas,KS Logan County 20109,9,Housing Choice Vouchers,3,A,Logan County,20109,13.0,58,8,100,7.72083333333333,-4,-4.0,-4.0,-4.0,-4.0,-4.0,9959.625,-4,-4,-4,-4,-4,-4,-4,-4,27,-4,-4,-4,-4,-4,-4,-4,-4,-4,-4,-4,-4,-4,-4,0,-4,-4,-4,-4,17.3666666666667,84.475,-4,-4.0,-4,-4,-4,-4,7,3,70,A,A,A,-1,-1,KS,-1,A,100.0
County,KS Kansas,KS Lyon County 20111,9,Housing Choice Vouchers,3,A,Lyon County,20111,135.0,57,75,97,4.9863387978142,12,2.0,154.31654676259,294.666666666666,353.821917808219,10597.3333333333,5298.66666666666,15,48,17,12,8,23,11,67,25,97,75,3,47,80,43,50,78,31,0,67,21,12,0,33,21,1,0,16,38.2296296296296,60.3302222222221,95,155.633802816901,25,49,25,27,16,28,51,A,A,A,-1,-1,KS,-1,A,67.0
County,KS Kansas,KS Marion County 20115,9,Housing Choice Vouchers,3,A,Marion County,20115,7.0,84,6,99,4.22659811193526,-4,-4.0,-4.0,-4.0,-4.0,-4.0,6387.7602354595,-4,-4,-4,-4,-4,-4,-4,-4,34,-4,-4,-4,-4,-4,-4,-4,-4,-4,-4,-4,-4,-4,-4,33,-4,-4,-4,-4,37.3333333333333,34.8259142503933,-4,-4.0,-4,-4,-4,-4,8,3,73,A,A,A,-1,-1,KS,-1,A,67.0
County,KS Kansas,KS Marshall County 20117,9,Housing Choice Vouchers,3,A,Marshall County,20117,5.0,84,5,100,9.24,-4,-4.0,-4.0,-4.0,-4.0,-4.0,7061.57142857143,-4,-4,-4,-4,-4,-4,-4,-4,25,-4,-4,-4,-4,-4,-4,-4,-4,-4,-4,-4,-4,-4,-4,0,-4,-4,-4,-4,20.6666666666667,95.0,-4,-4.0,-4,-4,-4,-4,9,3,73,A,A,A,-1,-1,KS,-1,A,100.0
County,KS Kansas,KS McPherson County 20113,9,Housing Choice Vouchers,3,A,McPherson County,20113,53.0,72,40,100,6.92203989953296,17,1.64891229434322,62.8329966329967,332.749133736887,257.6775361056,11550.1989557264,7004.73821157782,2,55,17,17,7,7,0,93,24,98,80,5,22,63,22,82,43,50,2,60,20,17,0,0,0,0,0,0,22.7952380952381,61.5867326145853,98,115.676804164674,40,40,20,30,8,5,65,A,A,A,-1,-1,KS,-1,A,100.0
County,KS Kansas,KS Meade County 20119,9,Housing Choice Vouchers,3,A,Meade County,20119,2.0,97,2,100,4.05,-4,-4.0,-4.0,-4.0,-4.0,-4.0,7505.66666666667,-4,-4,-4,-4,-4,-4,-4,-4,28,-4,-4,-4,-4,-4,-4,-4,-4,-4,-4,-4,-4,-4,-4,50,-4,-4,-4,-4,-1.0,56.7833333333333,-4,-4.0,-4,-4,-4,-4,12,18,64,A,A,A,-1,-1,KS,-1,A,50.0
County,KS Kansas,KS Miami County 20121,9,Housing Choice Vouchers,3,A,Miami County,20121,147.0,57,82,97,4.68571428571428,9,1.96341463414634,165.63309352518,311.963414634146,497.695121951219,12855.6829268292,6547.61490683229,6,30,33,18,12,17,4,78,23,100,76,10,24,76,27,59,48,34,2,44,26,28,2,15,10,2,0,2,24.5190476190476,69.0288617886178,99,180.851851851852,16,52,32,45,8,6,65,A,A,A,-1,-1,KS,-1,A,85.0
County,KS Kansas,KS Mitchell County 20123,9,Housing Choice Vouchers,3,A,Mitchell County,20123,17.0,83,14,99,5.03571428571429,7,1.28571428571429,18.2666666666667,184.285714285714,262.857142857143,8662.35714285714,6737.38888888889,7,71,21,0,0,0,0,100,23,100,86,0,7,86,7,83,38,44,0,29,14,57,7,0,0,0,0,0,14.0666666666667,37.4928571428572,100,50.3571428571429,93,0,7,0,10,3,71,A,A,A,-1,-1,KS,-1,A,100.0
County,KS Kansas,KS Montgomery County 20125,9,Housing Choice Vouchers,3,A,Montgomery County,20125,118.0,83,100,100,4.92333333333333,21,2.26,221.032367149759,235.24,359.255102040816,10079.65,4460.0221238938,13,48,23,12,4,16,5,79,24,99,77,1,46,82,45,60,65,31,2,59,22,17,0,35,32,2,0,1,21.6206349206349,37.3219999999999,96,78.2291666666665,18,44,38,33,13,19,63,A,A,A,-1,-1,KS,-1,A,65.0
County,KS Kansas,KS Morris County 20127,9,Housing Choice Vouchers,3,A,Morris County,20127,5.0,83,4,99,5.58333333333333,-4,-4.0,-4.0,-4.0,-4.0,-4.0,8712.83333333333,-4,-4,-4,-4,-4,-4,-4,-4,33,-4,-4,-4,-4,-4,-4,-4,-4,-4,-4,-4,-4,-4,-4,0,-4,-4,-4,-4,-1.0,51.375,-4,-4.0,-4,-4,-4,-4,8,6,63,A,A,A,-1,-1,KS,-1,A,100.0
County,KS Kansas,KS Morton County 20129,9,Housing Choice Vouchers,3,A,Morton County,20129,4.0,97,4,100,2.775,-4,-4.0,-4.0,-4.0,-4.0,-4.0,3055.72727272727,-4,-4,-4,-4,-4,-4,-4,-4,17,-4,-4,-4,-4,-4,-4,-4,-4,-4,-4,-4,-4,-4,-4,100,-4,-4,-4,-4,-1.0,50.125,-4,-4.0,-4,-4,-4,-4,-1,-1,-1,A,A,A,-1,-1,KS,-1,A,0.0
County,KS Kansas,KS Nemaha County 20131,9,Housing Choice Vouchers,3,A,Nemaha County,20131,21.0,84,19,100,8.92105263157895,16,1.47368421052632,25.2682926829268,197.368421052632,328.842105263158,9485.05263157894,6436.28571428571,11,47,26,16,0,5,11,84,25,100,79,0,21,89,21,56,50,36,0,37,11,53,0,5,0,5,0,0,22.2444444444444,70.6754385964912,100,89.7894736842105,37,37,26,42,7,3,76,A,A,A,-1,-1,KS,-1,A,95.0
County,KS Kansas,KS Neosho County 20133,9,Housing Choice Vouchers,3,A,Neosho County,20133,45.0,86,37,95,4.9034343674373,21,2.0,77.2526570048309,224.954837943132,387.581240675044,9377.65189821966,4688.82594910983,18,47,19,10,6,23,9,68,23,94,79,3,49,78,43,47,42,24,8,52,21,19,3,8,5,0,0,3,13.8202567885622,29.8421925255191,100,108.939273229819,13,55,32,41,13,8,68,A,A,A,-1,-1,KS,-1,A,92.0
County,KS Kansas,KS Ness County 20135,9,Housing Choice Vouchers,3,A,Ness County,20135,,-1,-1,-1,-1.0,-1,-1.0,-1.0,-1.0,-1.0,-1.0,-1.0,-1,-1,-1,-1,-1,-1,-1,-1,-1,-1,-1,-1,-1,-1,-1,-1,-1,-1,-1,-1,-1,-1,-1,-1,-1,-1,-1,-1,-1.0,-1.0,-1,-1.0,-1,-1,-1,-1,-1,-1,-1,A,A,A,-1,-1,KS,-1,A,
County,KS Kansas,KS No county code 20999,9,Housing Choice Vouchers,3,A,Missing County,20999,1.0,97,1,100,-1.0,-4,-4.0,-4.0,-4.0,-4.0,-4.0,11758.0,-4,-4,-4,-4,-4,-4,-4,-4,-1,-4,-4,-4,-4,-4,-4,-4,-4,-4,-4,-4,-4,-4,-4,0,-4,-4,-4,-4,-1.0,50.7333333333333,-4,-4.0,-4,-4,-4,-4,-1,-1,-1,A,A,A,-1,-1,KS,-1,A,100.0
County,KS Kansas,KS Norton County 20137,9,Housing Choice Vouchers,3,A,Norton County,20137,15.0,58,9,100,6.30740740740741,-4,-4.0,-4.0,-4.0,-4.0,-4.0,10770.4545454545,-4,-4,-4,-4,-4,-4,-4,-4,35,-4,-4,-4,-4,-4,-4,-4,-4,-4,-4,-4,-4,-4,-4,0,-4,-4,-4,-4,11.8,34.2888888888889,-4,-4.0,-4,-4,-4,-4,10,8,72,A,A,A,-1,-1,KS,-1,A,100.0
County,KS Kansas,KS Osage County 20139,9,Housing Choice Vouchers,3,A,Osage County,20139,39.0,57,22,97,4.91960784313726,9,1.95454545454546,44.2374100719425,238.0,375.727272727273,10063.5909090909,5148.81395348837,9,55,27,5,5,18,9,68,20,100,82,9,23,55,32,50,50,33,0,55,27,18,0,5,0,0,0,5,15.3333333333333,55.3530303030303,91,161.6,32,32,36,32,8,4,67,A,A,A,-1,-1,KS,-1,A,95.0
County,KS Kansas,KS Osborne County 20141,9,Housing Choice Vouchers,3,A,Osborne County,20141,7.0,58,4,100,4.075,-4,-4.0,-4.0,-4.0,-4.0,-4.0,6093.57142857143,-4,-4,-4,-4,-4,-4,-4,-4,27,-4,-4,-4,-4,-4,-4,-4,-4,-4,-4,-4,-4,-4,-4,0,-4,-4,-4,-4,-1.0,153.733333333333,-4,-4.0,-4,-4,-4,-4,10,2,75,A,A,A,-1,-1,KS,-1,A,100.0
County,KS Kansas,KS Ottawa County 20143,9,Housing Choice Vouchers,3,A,Ottawa County,20143,1.0,83,1,99,1.0,-4,-4.0,-4.0,-4.0,-4.0,-4.0,12168.0,-4,-4,-4,-4,-4,-4,-4,-4,30,-4,-4,-4,-4,-4,-4,-4,-4,-4,-4,-4,-4,-4,-4,0,-4,-4,-4,-4,-1.0,12.1666666666667,-4,-4.0,-4,-4,-4,-4,4,3,72,A,A,A,-1,-1,KS,-1,A,100.0
County,KS Kansas,KS Pawnee County 20145,9,Housing Choice Vouchers,3,A,Pawnee County,20145,4.0,97,4,100,3.53333333333333,-4,-4.0,-4.0,-4.0,-4.0,-4.0,11766.6,-4,-4,-4,-4,-4,-4,-4,-4,34,-4,-4,-4,-4,-4,-4,-4,-4,-4,-4,-4,-4,-4,-4,25,-4,-4,-4,-4,-1.0,105.933333333333,-4,-4.0,-4,-4,-4,-4,14,13,69,A,A,A,-1,-1,KS,-1,A,75.0
County,KS Kansas,KS Phillips County 20147,9,Housing Choice Vouchers,3,A,Phillips County,20147,5.0,58,3,100,2.01111111111111,-4,-4.0,-4.0,-4.0,-4.0,-4.0,10456.75,-4,-4,-4,-4,-4,-4,-4,-4,36,-4,-4,-4,-4,-4,-4,-4,-4,-4,-4,-4,-4,-4,-4,0,-4,-4,-4,-4,14.5,12.1666666666667,-4,-4.0,-4,-4,-4,-4,9,2,71,A,A,A,-1,-1,KS,-1,A,100.0
County,KS Kansas,KS Pottawatomie County 20149,9,Housing Choice Vouchers,3,A,Pottawatomie County,20149,72.0,85,58,94,4.87341679421268,12,2.06120131031888,127.188746438746,294.006078346727,382.784538543327,12014.4618204568,5828.86385735805,14,31,26,14,16,27,7,63,26,95,65,9,43,83,47,36,45,21,9,60,12,19,0,31,17,7,4,3,15.5190815726598,34.2230991796271,95,86.1786476799098,22,52,26,21,9,5,66,A,A,A,-1,-1,KS,-1,A,69.0
County,KS Kansas,KS Pratt County 20151,9,Housing Choice Vouchers,3,A,Pratt County,20151,44.0,97,43,100,4.53888888888889,9,1.69767441860465,72.0688775510204,234.697674418605,352.53488372093,9399.20930232558,5536.5205479452,9,58,21,7,5,15,10,76,22,100,84,0,33,79,30,64,43,41,2,51,30,16,2,9,5,0,0,5,5.75833333333333,49.0038759689922,100,149.46511627907,49,37,14,19,10,6,65,A,A,A,-1,-1,KS,-1,A,91.0
County,KS Kansas,KS Rawlins County 20153,9,Housing Choice Vouchers,3,A,Rawlins County,20153,2.0,58,1,100,2.56666666666667,-4,-4.0,-4.0,-4.0,-4.0,-4.0,1213.42857142857,-4,-4,-4,-4,-4,-4,-4,-4,13,-4,-4,-4,-4,-4,-4,-4,-4,-4,-4,-4,-4,-4,-4,0,-4,-4,-4,-4,5.43333333333333,0.0,-4,-4.0,-4,-4,-4,-4,13,4,71,A,A,A,-1,-1,KS,-1,A,100.0
County,KS Kansas,KS Reno County 20155,9,Housing Choice Vouchers,3,A,Reno County,20155,242.0,96,235,100,5.46663535456934,14,1.57695248991389,366.272027972029,269.068073703859,245.940220623442,10989.3147588366,6968.70376826424,5,46,33,11,5,18,3,79,28,98,63,3,21,67,21,69,95,49,3,46,27,23,3,4,3,0,0,1,18.7697612204289,56.4959585315428,95,77.3466086247799,68,19,13,5,16,16,54,A,A,A,-1,-1,KS,-1,A,96.0
County,KS Kansas,KS Republic County 20157,9,Housing Choice Vouchers,3,A,Republic County,20157,4.0,83,3,99,7.75555555555556,-4,-4.0,-4.0,-4.0,-4.0,-4.0,3956.57142857143,-4,-4,-4,-4,-4,-4,-4,-4,21,-4,-4,-4,-4,-4,-4,-4,-4,-4,-4,-4,-4,-4,-4,33,-4,-4,-4,-4,-1.0,48.7777777777778,-4,-4.0,-4,-4,-4,-4,8,3,73,A,A,A,-1,-1,KS,-1,A,67.0
County,KS Kansas,KS Rice County 20159,9,Housing Choice Vouchers,3,A,Rice County,20159,26.0,72,20,100,6.46166666666667,10,2.4,45.6503496503497,309.3,302.473684210526,12556.3,5231.79166666667,5,30,40,5,20,40,0,60,28,95,75,15,45,80,55,33,60,17,0,45,30,25,0,5,0,0,0,5,14.8333333333333,55.8383333333333,100,184.0,5,45,50,50,11,15,69,A,A,A,-1,-1,KS,-1,A,95.0
County,KS Kansas,KS Riley County 20161,9,Housing Choice Vouchers,3,A,Riley County,20161,302.0,85,242,95,4.59130345470792,13,2.42624919204126,619.730056980058,310.539747108217,481.508254736966,11245.2834472608,4634.84273756724,19,30,23,18,10,30,9,60,24,97,68,9,51,86,57,31,45,14,7,65,14,15,2,41,35,1,1,7,15.1021919718919,46.3365519881128,98,121.032949363313,26,34,39,14,20,15,39,A,A,A,-1,-1,KS,-1,A,59.0
County,KS Kansas,KS Rooks County 20163,9,Housing Choice Vouchers,3,A,Rooks County,20163,8.0,58,5,100,7.1,-4,-4.0,-4.0,-4.0,-4.0,-4.0,4923.44444444445,-4,-4,-4,-4,-4,-4,-4,-4,22,-4,-4,-4,-4,-4,-4,-4,-4,-4,-4,-4,-4,-4,-4,0,-4,-4,-4,-4,24.6666666666667,65.7466666666667,-4,-4.0,-4,-4,-4,-4,9,3,72,A,A,A,-1,-1,KS,-1,A,100.0
County,KS Kansas,KS Rush County 20165,9,Housing Choice Vouchers,3,A,Rush County,20165,18.0,97,18,100,5.06666666666667,6,1.5,26.655612244898,231.222222222222,275.388888888889,10305.0,6870.0,11,44,33,6,6,22,6,72,26,100,61,6,17,78,17,62,20,33,0,50,22,28,17,6,0,0,0,6,7.0,48.5722222222222,44,177.125,33,56,11,39,9,1,77,A,A,A,-1,-1,KS,-1,A,94.0
County,KS Kansas,KS Russell County 20167,9,Housing Choice Vouchers,3,A,Russell County,20167,5.0,58,3,100,2.67777777777778,-4,-4.0,-4.0,-4.0,-4.0,-4.0,5772.0,-4,-4,-4,-4,-4,-4,-4,-4,16,-4,-4,-4,-4,-4,-4,-4,-4,-4,-4,-4,-4,-4,-4,0,-4,-4,-4,-4,1.43333333333333,64.9333333333333,-4,-4.0,-4,-4,-4,-4,14,3,69,A,A,A,-1,-1,KS,-1,A,100.0
County,KS Kansas,KS Saline County 20169,9,Housing Choice Vouchers,3,A,Saline County,20169,312.0,96,301,100,4.62377043108981,12,1.73761789541257,521.311111111112,245.460213075897,335.973598664283,10293.220385413,5923.75367023316,13,43,29,11,5,16,12,70,23,99,80,2,29,73,26,55,46,32,5,46,26,24,2,17,11,1,0,5,11.5083777263691,48.7402408523034,90,66.0413810910094,49,33,18,19,11,15,53,A,A,A,-1,-1,KS,-1,A,83.0
County,KS Kansas,KS Scott County 20171,9,Housing Choice Vouchers,3,A,Scott County,20171,4.0,97,4,100,7.06666666666667,-4,-4.0,-4.0,-4.0,-4.0,-4.0,5110.71428571428,-4,-4,-4,-4,-4,-4,-4,-4,19,-4,-4,-4,-4,-4,-4,-4,-4,-4,-4,-4,-4,-4,-4,0,-4,-4,-4,-4,-1.0,42.025,-4,-4.0,-4,-4,-4,-4,5,7,66,A,A,A,-1,-1,KS,-1,A,100.0
County,KS Kansas,KS Sedgwick County 20173,9,Housing Choice Vouchers,3,A,Sedgwick County,20173,2774.0,92,2772,99,5.19955270978601,18,2.39729188877738,6140.46121942301,253.022067762645,473.300529105256,10424.9194275211,4348.62332631417,18,39,24,11,8,26,6,66,20,99,84,4,51,80,52,41,83,22,11,59,18,12,1,65,56,2,2,6,14.8893506986391,54.8522516908923,94,156.661599721364,31,34,35,13,17,40,46,A,A,A,-1,-1,KS,-1,A,35.0
County,KS Kansas,KS Seward County 20175,9,Housing Choice Vouchers,3,A,Seward County,20175,79.0,97,78,100,4.74391534391534,12,1.92307692307692,148.086734693878,267.551282051282,349.298701298701,11780.7948717949,6126.01333333333,4,37,36,19,4,18,1,81,29,97,59,5,32,86,35,47,52,30,5,38,14,42,5,47,27,0,0,21,8.78888888888889,45.5837606837606,95,118.621621621621,38,45,17,19,14,39,56,A,A,A,-1,-1,KS,-1,A,53.0
County,KS Kansas,KS Shawnee County 20177,9,Housing Choice Vouchers,3,A,Shawnee County,20177,1267.0,90,1416,100,4.79759307157444,29,2.15150923855552,2439.65608974359,307.796479014969,375.833206256031,11934.840986622,5547.19485872845,10,35,27,17,11,27,10,59,24,98,73,4,42,76,42,49,47,25,9,54,22,15,1,48,40,2,1,7,7.40773662551438,42.9518556883128,89,148.684157728183,33,38,29,20,15,28,50,A,A,A,-1,-1,KS,-1,A,52.0
County,KS Kansas,KS Sheridan County 20179,9,Housing Choice Vouchers,3,A,Sheridan County,20179,2.0,58,1,100,6.1,-4,-4.0,-4.0,-4.0,-4.0,-4.0,8088.0,-4,-4,-4,-4,-4,-4,-4,-4,22,-4,-4,-4,-4,-4,-4,-4,-4,-4,-4,-4,-4,-4,-4,100,-4,-4,-4,-4,-1.0,87.0333333333333,-4,-4.0,-4,-4,-4,-4,14,1,76,A,A,A,-1,-1,KS,-1,A,0.0
County,KS Kansas,KS Sherman County 20181,9,Housing Choice Vouchers,3,A,Sherman County,20181,10.0,58,6,100,6.65,-4,-4.0,-4.0,-4.0,-4.0,-4.0,6640.22222222222,-4,-4,-4,-4,-4,-4,-4,-4,26,-4,-4,-4,-4,-4,-4,-4,-4,-4,-4,-4,-4,-4,-4,0,-4,-4,-4,-4,4.85,28.2166666666667,-4,-4.0,-4,-4,-4,-4,11,9,60,A,A,A,-1,-1,KS,-1,A,100.0
County,KS Kansas,KS Smith County 20183,9,Housing Choice Vouchers,3,A,Smith County,20183,3.0,58,2,100,5.58333333333333,-4,-4.0,-4.0,-4.0,-4.0,-4.0,4375.75,-4,-4,-4,-4,-4,-4,-4,-4,21,-4,-4,-4,-4,-4,-4,-4,-4,-4,-4,-4,-4,-4,-4,0,-4,-4,-4,-4,-1.0,18.25,-4,-4.0,-4,-4,-4,-4,11,2,73,A,A,A,-1,-1,KS,-1,A,100.0
County,KS Kansas,KS Stafford County 20185,9,Housing Choice Vouchers,3,A,Stafford County,20185,2.0,97,2,100,4.03333333333333,-4,-4.0,-4.0,-4.0,-4.0,-4.0,12193.5,-4,-4,-4,-4,-4,-4,-4,-4,33,-4,-4,-4,-4,-4,-4,-4,-4,-4,-4,-4,-4,-4,-4,0,-4,-4,-4,-4,-1.0,73.7833333333333,-4,-4.0,-4,-4,-4,-4,12,7,73,A,A,A,-1,-1,KS,-1,A,100.0
County,KS Kansas,KS Stanton County 20187,9,Housing Choice Vouchers,3,A,Stanton County,20187,1.0,97,1,100,5.06666666666667,-4,-4.0,-4.0,-4.0,-4.0,-4.0,13920.0,-4,-4,-4,-4,-4,-4,-4,-4,34,-4,-4,-4,-4,-4,-4,-4,-4,-4,-4,-4,-4,-4,-4,0,-4,-4,-4,-4,-1.0,109.166666666667,-4,-4.0,-4,-4,-4,-4,15,25,52,A,A,A,-1,-1,KS,-1,A,100.0
County,KS Kansas,KS Stevens County 20189,9,Housing Choice Vouchers,3,A,Stevens County,20189,12.0,97,12,100,5.05757575757576,8,1.58333333333333,18.7576530612245,247.0,361.083333333333,10750.0,6789.47368421053,8,58,8,25,0,17,8,75,23,100,75,0,25,92,25,63,75,53,8,25,33,33,8,33,0,0,0,33,15.6333333333333,42.4388888888889,100,143.583333333333,17,58,25,58,9,27,61,A,A,A,-1,-1,KS,-1,A,67.0
County,KS Kansas,KS Sumner County 20191,9,Housing Choice Vouchers,3,A,Sumner County,20191,36.0,73,27,100,6.15425964881843,15,1.99542408535924,51.4746853146853,271.897096137581,272.734228275249,10666.1405738327,5345.30010542218,11,48,29,0,11,15,15,71,22,100,78,4,29,74,29,65,25,30,0,55,30,15,4,11,0,0,0,11,14.575,41.425174036564,93,159.740582051462,33,45,22,26,10,8,67,A,A,A,-1,-1,KS,-1,A,89.0
County,KS Kansas,KS Thomas County 20193,9,Housing Choice Vouchers,3,A,Thomas County,20193,10.0,58,6,100,4.21666666666667,-4,-4.0,-4.0,-4.0,-4.0,-4.0,8902.28571428571,-4,-4,-4,-4,-4,-4,-4,-4,24,-4,-4,-4,-4,-4,-4,-4,-4,-4,-4,-4,-4,-4,-4,0,-4,-4,-4,-4,-1.0,95.2444444444445,-4,-4.0,-4,-4,-4,-4,11,3,62,A,A,A,-1,-1,KS,-1,A,100.0
County,KS Kansas,KS Trego County 20195,9,Housing Choice Vouchers,3,A,Trego County,20195,,-1,-1,-1,-1.0,-1,-1.0,-1.0,-1.0,-1.0,-1.0,-1.0,-1,-1,-1,-1,-1,-1,-1,-1,-1,-1,-1,-1,-1,-1,-1,-1,-1,-1,-1,-1,-1,-1,-1,-1,-1,-1,-1,-1,-1.0,-1.0,-1,-1.0,-1,-1,-1,-1,-1,-1,-1,A,A,A,-1,-1,KS,-1,A,
County,KS Kansas,KS Wabaunsee County 20197,9,Housing Choice Vouchers,3,A,Wabaunsee County,20197,2.0,83,2,99,6.08333333333333,-4,-4.0,-4.0,-4.0,-4.0,-4.0,3197.42857142857,-4,-4,-4,-4,-4,-4,-4,-4,19,-4,-4,-4,-4,-4,-4,-4,-4,-4,-4,-4,-4,-4,-4,0,-4,-4,-4,-4,17.5,24.2666666666667,-4,-4.0,-4,-4,-4,-4,10,2,75,A,A,A,-1,-1,KS,-1,A,100.0
County,KS Kansas,KS Wallace County 20199,9,Housing Choice Vouchers,3,A,Wallace County,20199,,-1,-1,-1,-1.0,-1,-1.0,-1.0,-1.0,-1.0,-1.0,-1.0,-1,-1,-1,-1,-1,-1,-1,-1,-1,-1,-1,-1,-1,-1,-1,-1,-1,-1,-1,-1,-1,-1,-1,-1,-1,-1,-1,-1,-1.0,-1.0,-1,-1.0,-1,-1,-1,-1,-1,-1,-1,A,A,A,-1,-1,KS,-1,A,
County,KS Kansas,KS Washington County 20201,9,Housing Choice Vouchers,3,A,Washington County,20201,,-1,-1,-1,-1.0,-1,-1.0,-1.0,-1.0,-1.0,-1.0,-1.0,-1,-1,-1,-1,-1,-1,-1,-1,-1,-1,-1,-1,-1,-1,-1,-1,-1,-1,-1,-1,-1,-1,-1,-1,-1,-1,-1,-1,-1.0,-1.0,-1,-1.0,-1,-1,-1,-1,-1,-1,-1,A,A,A,-1,-1,KS,-1,A,
County,KS Kansas,KS Wichita County 20203,9,Housing Choice Vouchers,3,A,Wichita County,20203,,-1,-1,-1,-1.0,-1,-1.0,-1.0,-1.0,-1.0,-1.0,-1.0,-1,-1,-1,-1,-1,-1,-1,-1,-1,-1,-1,-1,-1,-1,-1,-1,-1,-1,-1,-1,-1,-1,-1,-1,-1,-1,-1,-1,-1.0,-1.0,-1,-1.0,-1,-1,-1,-1,-1,-1,-1,A,A,A,-1,-1,KS,-1,A,
County,KS Kansas,KS Wilson County 20205,9,Housing Choice Vouchers,3,A,Wilson County,20205,1.0,83,1,100,12.1333333333333,-4,-4.0,-4.0,-4.0,-4.0,-4.0,8328.0,-4,-4,-4,-4,-4,-4,-4,-4,23,-4,-4,-4,-4,-4,-4,-4,-4,-4,-4,-4,-4,-4,-4,0,-4,-4,-4,-4,-1.0,11.9333333333333,-4,-4.0,-4,-4,-4,-4,13,4,60,A,A,A,-1,-1,KS,-1,A,100.0
County,KS Kansas,KS Woodson County 20207,9,Housing Choice Vouchers,3,A,Woodson County,20207,1.0,83,1,100,2.0,-4,-4.0,-4.0,-4.0,-4.0,-4.0,8328.0,-4,-4,-4,-4,-4,-4,-4,-4,23,-4,-4,-4,-4,-4,-4,-4,-4,-4,-4,-4,-4,-4,-4,0,-4,-4,-4,-4,-1.0,24.0,-4,-4.0,-4,-4,-4,-4,12,3,72,A,A,A,-1,-1,KS,-1,A,100.0
County,KS Kansas,KS Wyandotte County 20209,9,Housing Choice Vouchers,3,A,Wyandotte County,20209,1485.0,89,1338,100,4.73898750012688,13,2.42670164606931,3225.24417964249,252.749525766625,599.828672109846,11429.3636642595,4709.83471856642,19,31,22,14,13,28,6,66,20,99,81,2,51,87,50,30,47,17,4,60,16,21,4,81,79,0,0,3,35.8946050096339,51.0646834474962,89,141.593973294354,18,38,44,31,17,58,52,A,A,A,-1,-1,KS,-1,A,19.0
